----------------------------------------------------------------------------------
      name:  <unnamed>
       log:  /Users/felipe/projects/art20/results/No_Table_Results_2026.log
  log type:  text
 opened on:   3 Feb 2026, 13:13:59

. 
. ***********************************************************
. ** Table A1: Descriptive statistics for land use
. ***********************************************************
. 
. * Main sample
. sum grass crop natural plantation  

    Variable |        Obs        Mean    Std. dev.       Min        Max
-------------+---------------------------------------------------------
       grass |     29,963    .4646195    .3182609          0          1
        crop |     29,963    .1060963    .2208358          0          1
     natural |     29,963    .2070315    .2409382          0          1
  plantation |     29,963    .1498073    .2545519          0          1

. 
. * 2001 and 2009
. sum grass crop natural plantation if year==2001

    Variable |        Obs        Mean    Std. dev.       Min        Max
-------------+---------------------------------------------------------
       grass |      1,577     .492924    .3134265          0          1
        crop |      1,577    .1061915    .2224737          0          1
     natural |      1,577    .2301491      .24453          0   .9956772
  plantation |      1,577    .1041451    .2183829          0          1

. sum grass crop natural plantation if year==2019

    Variable |        Obs        Mean    Std. dev.       Min        Max
-------------+---------------------------------------------------------
       grass |      1,577    .4410011     .312588          0          1
        crop |      1,577    .1169926    .2275214          0   .9882353
     natural |      1,577    .2180249    .2406673          0   .9931507
  plantation |      1,577    .1545435    .2546314          0          1

. 
. * Before and after treatment
. sum grass crop natural plantation if t==-1

    Variable |        Obs        Mean    Std. dev.       Min        Max
-------------+---------------------------------------------------------
       grass |      1,504     .458599    .3216747          0          1
        crop |      1,504    .1148711    .2290236          0   .9882353
     natural |      1,504    .2009121    .2394609          0          1
  plantation |      1,504    .1548209    .2634293          0          1

. sum grass crop natural plantation if t==3

    Variable |        Obs        Mean    Std. dev.       Min        Max
-------------+---------------------------------------------------------
       grass |      1,251    .4748802    .3196235          0          1
        crop |      1,251    .0955275    .2125722          0   .9882353
     natural |      1,251    .2101881    .2441427          0   .9931507
  plantation |      1,251    .1422232    .2381684          0          1

. sum grass crop natural plantation if t==6

    Variable |        Obs        Mean    Std. dev.       Min        Max
-------------+---------------------------------------------------------
       grass |        782    .5019907    .3051361          0          1
        crop |        782    .1048187    .2207396          0   .9882353
     natural |        782    .2097425    .2476751          0   .9978058
  plantation |        782    .1061226    .1896299          0          1

. 
. ***********************************************************
. ** Table A2: Descriptive statistics for other variables
. ***********************************************************
. 
. **Upper panel (time-variant outcomes)
. 
. * Main sample
. sum log_carbon biodiv trees_highero trees_lowero 

    Variable |        Obs        Mean    Std. dev.       Min        Max
-------------+---------------------------------------------------------
  log_carbon |     29,961    2.951228    1.318335  -2.431069   4.751065
      biodiv |     29,963   -.9934713    .3246333  -2.458171          0
trees_high~o |     16,663    .6522486    .3296977          0          1
trees_lowero |     26,315    .3542373    .3235504          0          1

. sum log_EVI* if year>2003 & T_year>2004 

    Variable |        Obs        Mean    Std. dev.       Min        Max
-------------+---------------------------------------------------------
log_EVIgrass |     20,752    -1.00021    .2628547   -2.37576  -.2767593
 log_EVIcrop |      5,824   -1.232569    .3803552  -3.215145  -.1805998
log_EVInat~l |     13,056   -.7702702    .1423675  -1.961492  -.3189566
log_EVIpla~s |      7,376   -.9300411    .1994794  -3.010885  -.3672027

. 
. * First and last year
. sum log_carbon biodiv trees_highero trees_lowero if year==2001

    Variable |        Obs        Mean    Std. dev.       Min        Max
-------------+---------------------------------------------------------
  log_carbon |      1,577    2.985725    1.334217  -1.368903   4.751065
      biodiv |      1,577   -.9421738    .3107524  -2.089019  -.0014539
trees_high~o |        877    .6280502    .3318625          0          1
trees_lowero |      1,385    .3231592     .305794          0          1

. sum log_EVI* if year==2004

    Variable |        Obs        Mean    Std. dev.       Min        Max
-------------+---------------------------------------------------------
log_EVIgrass |      1,437   -1.093632    .2471002  -1.973238  -.5582219
 log_EVIcrop |        406   -1.419928    .3155351  -3.117968  -.5593551
log_EVInat~l |        911   -.8381306    .1414912  -1.621632   -.449284
log_EVIpla~s |        502   -.9815994     .226416  -3.010885  -.5033921

. sum log_carbon biodiv trees_highero trees_lowero log_EVI* if year==2019

    Variable |        Obs        Mean    Std. dev.       Min        Max
-------------+---------------------------------------------------------
  log_carbon |      1,577    3.041227    1.271514  -1.132514   4.751065
      biodiv |      1,577    -.976565     .316491  -2.276053  -.0018505
trees_high~o |        877    .6665106     .327508          0          1
trees_lowero |      1,385    .3666789    .3271787          0          1
log_EVIgrass |      1,437   -.9050051    .1895196  -1.848357  -.4711947
-------------+---------------------------------------------------------
 log_EVIcrop |        406   -1.060741    .2915886  -1.853483  -.3766056
log_EVInat~l |        911   -.7481392    .1411693  -1.783144  -.3648621
log_EVIpla~s |        502   -.9091662    .2152287  -2.062421  -.4719964

. 
. * Before and after treatment
. sum log_carbon biodiv trees_highero trees_lowero log_EVI* if t==-1

    Variable |        Obs        Mean    Std. dev.       Min        Max
-------------+---------------------------------------------------------
  log_carbon |      1,504    2.913479    1.332119  -1.132514   4.751065
      biodiv |      1,504   -1.001363    .3237992  -2.124529          0
trees_high~o |        831    .6516463    .3332651          0          1
trees_lowero |      1,318    .3521877    .3278628          0          1
log_EVIgrass |      1,286   -.9904177    .2530311  -1.888859  -.3438489
-------------+---------------------------------------------------------
 log_EVIcrop |        366   -1.175473    .3934068  -2.514068   -.203913
log_EVInat~l |        810   -.7664252    .1505903  -1.578682  -.4177973
log_EVIpla~s |        439   -.9296108    .2056154   -2.02965  -.4635659

. sum log_carbon biodiv trees_highero trees_lowero log_EVI* if t==3

    Variable |        Obs        Mean    Std. dev.       Min        Max
-------------+---------------------------------------------------------
  log_carbon |      1,251    2.953628    1.336115  -1.268315   4.751065
      biodiv |      1,251   -.9915916    .3272171  -1.957711  -.0013878
trees_high~o |        679    .6448255    .3337677          0          1
trees_lowero |      1,080    .3506728     .320906          0          1
log_EVIgrass |      1,139   -.9846043    .2547196  -1.898412  -.4357139
-------------+---------------------------------------------------------
 log_EVIcrop |        291   -1.259867    .3574515  -2.072798  -.3791286
log_EVInat~l |        711   -.7518259    .1542355  -1.783144  -.3189566
log_EVIpla~s |        383   -.9447535    .2453241  -2.062421  -.3672027

. sum log_carbon biodiv trees_highero trees_lowero log_EVI* if t==6

    Variable |        Obs        Mean    Std. dev.       Min        Max
-------------+---------------------------------------------------------
  log_carbon |        782    2.873794    1.375042  -1.132514   4.749452
      biodiv |        782   -.9849876    .3284401  -2.157768  -.0012557
trees_high~o |        440    .5938496    .3337922          0          1
trees_lowero |        655    .2954767    .2848056          0          1
log_EVIgrass |        742    -1.02059    .2525569   -2.33739  -.5133542
-------------+---------------------------------------------------------
 log_EVIcrop |        205   -1.288689    .3518145  -1.978586  -.3959296
log_EVInat~l |        449   -.7728082    .1668587  -1.961492  -.4257833
log_EVIpla~s |        222   -.9349305    .1921481  -1.623994   -.495092

. 
. **Lower panel (time-invariant variables)
. 
. sum d_reservation distance families pj conflict90_plot_2km conflict90_pj_2km if 
> year==2001, d /*The descriptives here are the same in each year*/

          Dummy for plot located within historical
                   indigenous reservations
-------------------------------------------------------------
      Percentiles      Smallest
 1%            0              0
 5%            0              0
10%            0              0       Obs               1,577
25%            0              0       Sum of wgt.       1,577

50%            0                      Mean           .2162334
                        Largest       Std. dev.      .4118058
75%            0              1
90%            1              1       Variance        .169584
95%            1              1       Skewness       1.378595
99%            1              1       Kurtosis       2.900523

          Distance to beneficiary Mapuche community
-------------------------------------------------------------
      Percentiles      Smallest
 1%     .1889387       .0140961
 5%     .6846498       .0337697
10%     1.106277       .0355669       Obs               1,471
25%     2.220122       .0490068       Sum of wgt.       1,471

50%     8.586996                      Mean           20.21446
                        Largest       Std. dev.      25.03399
75%     30.90682       131.7045
90%     54.48951       132.3616       Variance       626.7005
95%     70.74613       150.5789       Skewness       1.816754
99%     99.71746       169.7654       Kurtosis       6.831543

               Number of beneficiary families
-------------------------------------------------------------
      Percentiles      Smallest
 1%            2              1
 5%            5              1
10%            9              1       Obs               1,479
25%           18              1       Sum of wgt.       1,479

50%           32                      Mean           41.69371
                        Largest       Std. dev.      37.85214
75%           53            206
90%           79            206       Variance       1432.785
95%          117            228       Skewness        2.23923
99%          206            324       Kurtosis       9.768597

            Community legal registration number 
-------------------------------------------------------------
      Percentiles      Smallest
 1%            6              1
 5%           28              3
10%           62              3       Obs               1,503
25%          194              4       Sum of wgt.       1,503

50%          582                      Mean           722.1091
                        Largest       Std. dev.      591.3642
75%         1136           2072
90%         1633           2157       Variance       349711.6
95%         1821           2402       Skewness       .6153941
99%         2049           2593       Kurtosis       2.218819

        Conflict around 2km the property (1990-2001):
                           MACEDA
-------------------------------------------------------------
      Percentiles      Smallest
 1%            0              0
 5%            0              0
10%            0              0       Obs               1,577
25%            0              0       Sum of wgt.       1,577

50%            0                      Mean           .1496512
                        Largest       Std. dev.      .3568424
75%            0              1
90%            1              1       Variance       .1273365
95%            1              1       Skewness       1.964228
99%            1              1       Kurtosis       4.858191

       Conflict around 2km the community (1990-2001):
                           MACEDA
-------------------------------------------------------------
      Percentiles      Smallest
 1%            0              0
 5%            0              0
10%            0              0       Obs               1,577
25%            0              0       Sum of wgt.       1,577

50%            0                      Mean           .0970197
                        Largest       Std. dev.      .2960784
75%            0              1
90%            0              1       Variance       .0876624
95%            1              1       Skewness       2.722982
99%            1              1       Kurtosis       8.414633

. 
. ***********************************************************
. ** Table A3: Land cover transitions from before to after treatment
. ***********************************************************
. // Table A3, first two columns
. preserve

. use  "data/lc_transitions.dta", clear

. 
. *Keep only pixels with no null data in both periods
. keep if lc0!="missing" & lc1!="missing"
(478 observations deleted)

. 
. * Create dummies for t0 land covers
. gen lc0_grass  = lc0=="grass"

. gen lc0_crop   = lc0=="crop"

. gen lc0_plant  = lc0=="plantation"

. gen lc0_native = lc0=="native"

. gen lc0_ambig  = lc0=="ambiguous"

. gen lc0_other  = lc0=="other"

. 
. * Collapse the data at the property/baseline land cover level
. collapse (mean) lc0_grass lc0_crop lc0_plant lc0_native lc0_ambig lc0_other, by(
> objectid)

. 
. * Report, for each base land cover, average graction at baseline and number of 
. * properties with positive coverage
. summ lc0_grass lc0_crop lc0_plant lc0_native lc0_ambig lc0_other

    Variable |        Obs        Mean    Std. dev.       Min        Max
-------------+---------------------------------------------------------
   lc0_grass |      1,099    .4963201    .3194046          0          1
    lc0_crop |      1,099    .1004539    .2174474          0   .9882353
   lc0_plant |      1,099    .1347834    .2394249          0          1
  lc0_native |      1,099    .2023595    .2413644          0          1
   lc0_ambig |      1,099    .0618903    .1057021          0         .8
-------------+---------------------------------------------------------
   lc0_other |      1,099    .0041929     .035604          0   .8660595

. 
. gen lc0_grass_gt0   =  (lc0_grass>0)

. gen lc0_crop_gt0    =  (lc0_crop>0)

. gen lc0_plant_gt0   =  (lc0_plant>0)

. gen lc0_native_gt0  =  (lc0_native>0)

. gen lc0_ambig_gt0   =  (lc0_ambig>0)

. gen lc0_other_gt0   =  (lc0_other>0)

. 
. total lc0_grass_gt0 lc0_crop_gt0 lc0_plant_gt0 lc0_native_gt0 lc0_ambig_gt0 lc0_
> other_gt0

Total estimation                           Number of obs = 1,099

----------------------------------------------------------------
               |      Total   Std. err.     [95% conf. interval]
---------------+------------------------------------------------
 lc0_grass_gt0 |       1047    7.04164      1033.183    1060.817
  lc0_crop_gt0 |        395   15.91416      363.7744    426.2256
 lc0_plant_gt0 |        721   15.75478      690.0871    751.9129
lc0_native_gt0 |        871   13.44855      844.6122    897.3878
 lc0_ambig_gt0 |        887   13.08665      861.3223    912.6777
 lc0_other_gt0 |        172   12.05044      148.3555    195.6445
----------------------------------------------------------------

. restore

. 
. 
. preserve

. // Table A3, rest of columns
. use  "data/lc_transitions.dta", clear

. 
. *Keep only pixels with no null data in both periods
. keep if lc0!="missing" & lc1!="missing"
(478 observations deleted)

. 
. * Create dummies for t+3 land covers
. gen lc1_grass  = lc1=="grass"

. gen lc1_crop   = lc1=="crop"

. gen lc1_plant  = lc1=="plantation"

. gen lc1_native = lc1=="native"

. gen lc1_ambig  = lc1=="ambiguous"

. gen lc1_other  = lc1=="other"

. 
. * Collapse the data at the property/baseline land cover level
. collapse (mean) lc1_grass lc1_crop lc1_plant lc1_native lc1_ambig lc1_other, by(
> objectid lc0)

. 
. * Report, for each base land cover, average fraction of land that transitioned t
> o each
. * land cover class in t+3. This is the information used to fill Table A3
. bysort lc0: summ lc1_grass lc1_crop lc1_plant lc1_native lc1_ambig lc1_other

----------------------------------------------------------------------------------
-> lc0 = ambiguous

    Variable |        Obs        Mean    Std. dev.       Min        Max
-------------+---------------------------------------------------------
   lc1_grass |        887    .0308936    .1057405          0          1
    lc1_crop |        887    .0017901    .0231282          0        .56
   lc1_plant |        887     .143961    .2478519          0          1
  lc1_native |        887    .2138775    .2391838          0          1
   lc1_ambig |        887    .6084964    .3149053          0          1
-------------+---------------------------------------------------------
   lc1_other |        887    .0009814    .0181782          0         .5

----------------------------------------------------------------------------------
-> lc0 = crop

    Variable |        Obs        Mean    Std. dev.       Min        Max
-------------+---------------------------------------------------------
   lc1_grass |        395    .2106413    .3592588          0          1
    lc1_crop |        395    .7817534    .3639384          0          1
   lc1_plant |        395    .0014989    .0252479          0         .5
  lc1_native |        395    .0042401    .0564147          0          1
   lc1_ambig |        395     .001015    .0090481          0       .125
-------------+---------------------------------------------------------
   lc1_other |        395    .0008513    .0146395          0   .2898551

----------------------------------------------------------------------------------
-> lc0 = grass

    Variable |        Obs        Mean    Std. dev.       Min        Max
-------------+---------------------------------------------------------
   lc1_grass |      1,047    .9469952    .1170012          0          1
    lc1_crop |      1,047    .0213099    .0752167          0   .6938776
   lc1_plant |      1,047    .0140328    .0659858          0   .9090909
  lc1_native |      1,047    .0091244    .0377321          0         .5
   lc1_ambig |      1,047    .0079599    .0298978          0         .5
-------------+---------------------------------------------------------
   lc1_other |      1,047    .0005777     .010599          0   .3333333

----------------------------------------------------------------------------------
-> lc0 = native

    Variable |        Obs        Mean    Std. dev.       Min        Max
-------------+---------------------------------------------------------
   lc1_grass |        871    .0145091    .0575587          0         .6
    lc1_crop |        871    .0002371    .0044866          0   .1111111
   lc1_plant |        871    .1275494    .2131694          0          1
  lc1_native |        871    .7531987    .2839887          0          1
   lc1_ambig |        871    .1043834    .2097927          0          1
-------------+---------------------------------------------------------
   lc1_other |        871    .0001222    .0015572          0   .0288889

----------------------------------------------------------------------------------
-> lc0 = other

    Variable |        Obs        Mean    Std. dev.       Min        Max
-------------+---------------------------------------------------------
   lc1_grass |        172     .097007    .2605183          0          1
    lc1_crop |        172     .011877    .0820381          0        .75
   lc1_plant |        172    .0174832    .0861397          0   .7058824
  lc1_native |        172    .0154507    .0638653          0   .5416667
   lc1_ambig |        172    .0078095    .0555217          0       .625
-------------+---------------------------------------------------------
   lc1_other |        172    .8503726    .3152219          0          1

----------------------------------------------------------------------------------
-> lc0 = plantation

    Variable |        Obs        Mean    Std. dev.       Min        Max
-------------+---------------------------------------------------------
   lc1_grass |        721    .0598169    .1668823          0          1
    lc1_crop |        721     .001313    .0153443          0   .3548387
   lc1_plant |        721    .5314969    .3604445          0          1
  lc1_native |        721    .2562034    .2909432          0          1
   lc1_ambig |        721    .1503289     .251096          0          1
-------------+---------------------------------------------------------
   lc1_other |        721    .0008408    .0135851          0   .2591463


. restore

. 
. 
. ***********************************************************
. ** Table A4: Years since treatment 
. ***********************************************************
. 
. cap gen t2= year- T_year

. tab t2

         t2 |      Freq.     Percent        Cum.
------------+-----------------------------------
        -21 |         42        0.14        0.14
        -20 |         72        0.24        0.38
        -19 |         73        0.24        0.62
        -18 |        153        0.51        1.13
        -17 |        237        0.79        1.93
        -16 |        326        1.09        3.01
        -15 |        478        1.60        4.61
        -14 |        663        2.21        6.82
        -13 |        795        2.65        9.48
        -12 |        888        2.96       12.44
        -11 |      1,015        3.39       15.83
        -10 |      1,126        3.76       19.58
         -9 |      1,153        3.85       23.43
         -8 |      1,236        4.13       27.56
         -7 |      1,301        4.34       31.90
         -6 |      1,350        4.51       36.40
         -5 |      1,400        4.67       41.08
         -4 |      1,433        4.78       45.86
         -3 |      1,479        4.94       50.80
         -2 |      1,494        4.99       55.78
         -1 |      1,505        5.02       60.80
          0 |      1,504        5.02       65.82
          1 |      1,424        4.75       70.58
          2 |      1,340        4.47       75.05
          3 |      1,251        4.18       79.22
          4 |      1,099        3.67       82.89
          5 |        914        3.05       85.94
          6 |        782        2.61       88.55
          7 |        689        2.30       90.85
          8 |        562        1.88       92.73
          9 |        451        1.51       94.23
         10 |        424        1.42       95.65
         11 |        341        1.14       96.79
         12 |        276        0.92       97.71
         13 |        227        0.76       98.46
         14 |        177        0.59       99.06
         15 |        144        0.48       99.54
         16 |         98        0.33       99.86
         17 |         41        0.14      100.00
------------+-----------------------------------
      Total |     29,963      100.00

. * The % of treated in the sample described in Table A3 referes to the number of 
> treated properties between 2001-2019 (a total of 1,504 properties)
. 
. 
. 
. ***********************************************************
. *** Table A5: Plot-level characteristics by cohorts of treatment
. ***********************************************************
. 
. * by presidential periods
. *Lagos
.   cap gen T_2002_2005=(T_year>=2002 & T_year<=2005) 

.   cap gen FTAI_2002_2005=T_2002_2005*FTAI

. *Bachelete 1
.   cap gen T_2006_2009=(T_year>=2006 & T_year<=2009) 

.   cap gen FTAI_2006_2009=T_2006_2009*FTAI

. *Piñera 1
.   cap gen T_2010_2013=(T_year>=2010 & T_year<=2013) 

.   cap gen FTAI_2010_2013=T_2010_2013*FTAI

. *Bachelete 2
.   cap gen T_2014_2017=(T_year>=2014 & T_year<=2017) 

.   cap gen FTAI_2014_2017=T_2014_2017*FTAI

. *Piñera 2
.   cap gen T_2018_2021=(T_year>=2018 & T_year<=2021) 

.   cap gen FTAI_2018_2021=T_2018_2021*FTAI

. 
. gen cohort=1 if T_2002_2005==1
(26,600 missing values generated)

. replace cohort=2 if T_2006_2009==1
(4,693 real changes made)

. replace cohort=3 if T_2010_2013==1
(6,802 real changes made)

. replace cohort=4 if T_2014_2017==1
(10,602 real changes made)

. replace cohort=5 if T_2018_2021==1
(3,705 real changes made)

. 
. bysort community_ID T_year year: gen plots_purchase=_N

. bysort community_ID T_year year: egen total_area=sum(area)

. gen density=total_area/families
(1,862 missing values generated)

. 
. foreach var of varlist grass crop natural plantation d_reservation conflict90_pl
> ot_2km conflict90_pj_2km {
  2. replace `var'=`var'*100 
  3. }
(28,223 real changes made)
(11,557 real changes made)
(24,093 real changes made)
(19,118 real changes made)
(6,479 real changes made)
(4,484 real changes made)
(2,907 real changes made)

. 
. dtable  grass crop natural plantation area families total_area density plots_pur
> chase d_reservation distance distance_capital distance_ruta5 pj conflict90_plot_
> 2km conflict90_pj_2km if  year==2001, export("results/decstats_cohort.tex", repl
> ace) continuous(, statistics(mean sd)) by(cohort, nototals) nformat(%9.1f)

--------------------------------------------------------------------------------------------------------------------------------------
                                                                                                 cohort                               
                                                                       1             2             3             4             5      
--------------------------------------------------------------------------------------------------------------------------------------
N                                                                177.0 (11.5%) 247.0 (16.1%) 358.0 (23.3%) 558.0 (36.4%) 195.0 (12.7%)
% of grassland cover                                               53.4 (29.6)   44.4 (31.5)   55.2 (31.2)   49.7 (30.7)   45.3 (32.8)
% of cropland cover                                                11.3 (23.6)   11.4 (25.3)    9.6 (19.7)    8.9 (19.9)   10.6 (19.9)
% of natural forest land cover                                     21.4 (21.7)   26.5 (27.4)   22.4 (26.2)   23.3 (22.3)   21.4 (26.1)
% of plantation forest land cover                                   8.8 (16.8)    9.4 (21.3)    6.5 (15.8)   11.8 (23.4)   15.8 (28.8)
Plot area (Shape file)                                           131.1 (255.4) 139.6 (312.5)  73.8 (255.1)  73.5 (124.6) 137.1 (754.1)
Number of beneficiary families                                     31.5 (19.1)   37.6 (29.8)   36.1 (34.4)   38.1 (41.2)   64.3 (40.0)
total_area                                                       297.1 (326.8) 399.0 (456.6) 268.4 (353.2) 325.1 (299.1) 647.9 (792.0)
density                                                            11.9 (18.9)   15.8 (27.5)   12.5 (17.5)   17.9 (23.5)   14.8 (23.5)
plots_purchase                                                       3.6 (2.4)     4.7 (3.4)     6.3 (5.9)    9.4 (10.8)    11.2 (8.1)
Dummy for plot located within historical indigenous reservations   25.4 (43.7)   23.9 (42.7)   27.7 (44.8)   18.1 (38.5)   14.9 (35.7)
Distance to beneficiary Mapuche community                          17.3 (21.3)   27.7 (35.9)   20.8 (25.2)   18.9 (19.5)   17.5 (22.7)
Distance to regional capital (km)                                  55.5 (21.7)   62.1 (28.1)   54.0 (23.5)   54.5 (25.1)   50.9 (30.0)
Distance to main highway (km)                                      26.5 (21.8)   32.8 (29.3)   28.9 (25.6)   33.2 (30.2)   31.8 (29.1)
Community legal registration number                              729.0 (498.7) 655.8 (617.1) 599.4 (487.8) 806.7 (651.6) 781.2 (562.7)
Conflict around 2km the property (1990-2001): MACEDA               21.5 (41.2)   15.4 (36.2)   16.2 (36.9)   12.0 (32.5)   16.4 (37.1)
Conflict around 2km the community (1990-2001): MACEDA               4.0 (19.5)   10.9 (31.3)    3.1 (17.3)   14.9 (35.6)   12.3 (32.9)
--------------------------------------------------------------------------------------------------------------------------------------
(collection DTable exported to file results/decstats_cohort.tex)

. 
. foreach var of varlist grass crop natural plantation d_reservation conflict90_pl
> ot_2km conflict90_pj_2km {
  2. replace `var'=`var'/100 
  3. }
(28,223 real changes made)
(11,557 real changes made)
(24,093 real changes made)
(19,118 real changes made)
(6,479 real changes made)
(4,484 real changes made)
(2,907 real changes made)

. 
. 
. ***********************************************************
. *** Table A6: Spillover effects (1km)
. ***********************************************************
. 
. estimates clear

. foreach var of varlist grass crop natural plantation{
  2. qui: xthdidregress aipw (`var'_1km lclim_*) (FTAI), group(objectid) vce(clust
> er community_ID) controlgroup(notyet)
  3. 
.         *AGGREGATED RESULTS 
.         estat aggregation
  4.         estadd matrix b_a= r(table)["b", 1 ...]
  5.         estadd matrix se_a = r(table)["se", 1 ...]
  6.         estadd matrix p_a= r(table)["pvalue", 1 ...] 
  7.         esttab using "results/CS_appendixA6.tex", $esttab_options cells(b_a(f
> mt(3) star pval(p_a)) se_a(fmt(3) par)) ///
>         eqlab(none) mlab(`var'_1km, lhs(Cohort)) varlabels(r1vs0.FTAI"11") colla
> b(none) nonumb append 
  8.         clear matrix
  9. }

Overall ATET                                            Number of obs = 29,963

                         (Std. err. adjusted for 367 clusters in community_ID)
------------------------------------------------------------------------------
             |               Robust
   grass_1km |       ATET   std. err.      z    P>|z|     [95% conf. interval]
-------------+----------------------------------------------------------------
        FTAI |
   (1 vs 0)  |   .0001152   .0052579     0.02   0.983    -.0101901    .0104205
------------------------------------------------------------------------------

added matrix:
                e(b_a) :  1 x 1

added matrix:
               e(se_a) :  1 x 1

added matrix:
                e(p_a) :  1 x 1
(file results/CS_appendixA6.tex not found)
(output written to results/CS_appendixA6.tex)

Overall ATET                                            Number of obs = 29,963

                         (Std. err. adjusted for 367 clusters in community_ID)
------------------------------------------------------------------------------
             |               Robust
    crop_1km |       ATET   std. err.      z    P>|z|     [95% conf. interval]
-------------+----------------------------------------------------------------
        FTAI |
   (1 vs 0)  |  -.0003307   .0038655    -0.09   0.932     -.007907    .0072455
------------------------------------------------------------------------------

added matrix:
                e(b_a) :  1 x 1

added matrix:
               e(se_a) :  1 x 1

added matrix:
                e(p_a) :  1 x 1
(output written to results/CS_appendixA6.tex)

Overall ATET                                            Number of obs = 29,963

                         (Std. err. adjusted for 367 clusters in community_ID)
------------------------------------------------------------------------------
             |               Robust
 natural_1km |       ATET   std. err.      z    P>|z|     [95% conf. interval]
-------------+----------------------------------------------------------------
        FTAI |
   (1 vs 0)  |   .0046274   .0027096     1.71   0.088    -.0006833     .009938
------------------------------------------------------------------------------

added matrix:
                e(b_a) :  1 x 1

added matrix:
               e(se_a) :  1 x 1

added matrix:
                e(p_a) :  1 x 1
(output written to results/CS_appendixA6.tex)

Overall ATET                                            Number of obs = 29,963

                         (Std. err. adjusted for 367 clusters in community_ID)
------------------------------------------------------------------------------
             |               Robust
plantation~m |       ATET   std. err.      z    P>|z|     [95% conf. interval]
-------------+----------------------------------------------------------------
        FTAI |
   (1 vs 0)  |  -.0022581   .0063047    -0.36   0.720     -.014615    .0100989
------------------------------------------------------------------------------

added matrix:
                e(b_a) :  1 x 1

added matrix:
               e(se_a) :  1 x 1

added matrix:
                e(p_a) :  1 x 1
(output written to results/CS_appendixA6.tex)

. 
. foreach var of varlist grass crop natural plantation{
  2.         xtreg `var'_1km FTAI i.year lclim_*, fe vce(cluster community_ID)
  3.         estadd scalar clusters= e(N_clust)
  4.         estadd scalar plots= e(N_g)
  5.         sum `var'_1km if e(sample)
  6.         estadd scalar mean_depvar= r(mean)
  7.         sum `var'_1km if e(sample) & year==2001
  8.         estadd scalar mean_2001= r(mean)
  9.         sum `var'_1km if e(sample) & year==2019
 10.         estadd scalar mean_2019= r(mean)
 11.         est sto twfeA6_`var'
 12. }

Fixed-effects (within) regression               Number of obs     =     29,963
Group variable: objectid                        Number of groups  =      1,577

R-squared:                                      Obs per group:
     Within  = 0.3202                                         min =         19
     Between = 0.1912                                         avg =       19.0
     Overall = 0.0624                                         max =         19

                                                F(25, 366)        =      28.71
corr(u_i, Xb) = 0.1311                          Prob > F          =     0.0000

                            (Std. err. adjusted for 367 clusters in community_ID)
---------------------------------------------------------------------------------
                |               Robust
      grass_1km | Coefficient  std. err.      t    P>|t|     [95% conf. interval]
----------------+----------------------------------------------------------------
           FTAI |   .0029904   .0039074     0.77   0.445    -.0046933    .0106741
                |
           year |
          2002  |   .0012313   .0051145     0.24   0.810    -.0088262    .0112889
          2003  |  -.0167657   .0060209    -2.78   0.006    -.0286057   -.0049258
          2004  |  -.0120872   .0058621    -2.06   0.040    -.0236148   -.0005596
          2005  |  -.0215637   .0050077    -4.31   0.000    -.0314111   -.0117163
          2006  |  -.0187592   .0038103    -4.92   0.000     -.026252   -.0112664
          2007  |  -.0296312   .0044684    -6.63   0.000    -.0384182   -.0208442
          2008  |  -.0171184   .0059939    -2.86   0.005    -.0289052   -.0053315
          2009  |  -.0409533   .0077679    -5.27   0.000    -.0562287   -.0256779
          2010  |  -.0628483   .0068797    -9.14   0.000    -.0763769   -.0493197
          2011  |  -.0440431   .0087109    -5.06   0.000    -.0611728   -.0269135
          2012  |  -.0486839   .0075866    -6.42   0.000    -.0636027   -.0337651
          2013  |  -.0660862   .0078069    -8.47   0.000    -.0814382   -.0507342
          2014  |  -.0664628   .0082066    -8.10   0.000    -.0826009   -.0503248
          2015  |  -.0792254   .0075734   -10.46   0.000    -.0941182   -.0643326
          2016  |  -.0958542   .0113664    -8.43   0.000    -.1182058   -.0735026
          2017  |  -.0885854   .0153754    -5.76   0.000    -.1188206   -.0583502
          2018  |  -.0825195   .0081361   -10.14   0.000    -.0985188   -.0665201
          2019  |  -.0786149   .0079922    -9.84   0.000    -.0943313   -.0628985
                |
lclim_Temp_wi~r |   .0709387   .0481411     1.47   0.141    -.0237291    .1656065
lclim_Temp_su~r |   .1156099   .0657573     1.76   0.080    -.0136995    .2449194
lclim_rain_au~n |   .0020933   .0096627     0.22   0.829     -.016908    .0210947
lclim_rain_wi~r |   .0126286   .0087659     1.44   0.151    -.0046092    .0298665
lclim_rain_sp~g |   .0083047   .0049491     1.68   0.094    -.0014275    .0180369
lclim_rain_su~r |  -.0016078   .0028683    -0.56   0.575    -.0072483    .0040328
          _cons |  -.1707526   .2294297    -0.74   0.457    -.6219185    .2804134
----------------+----------------------------------------------------------------
        sigma_u |  .22927333
        sigma_e |  .04177535
            rho |  .96786717   (fraction of variance due to u_i)
---------------------------------------------------------------------------------

added scalar:
           e(clusters) =  367

added scalar:
              e(plots) =  1577

    Variable |        Obs        Mean    Std. dev.       Min        Max
-------------+---------------------------------------------------------
   grass_1km |     29,963    .4442188    .2383886          0   .9814698

added scalar:
        e(mean_depvar) =  .44421879

    Variable |        Obs        Mean    Std. dev.       Min        Max
-------------+---------------------------------------------------------
   grass_1km |      1,577    .4832323    .2391019   .0000284   .9778901

added scalar:
          e(mean_2001) =  .48323233

    Variable |        Obs        Mean    Std. dev.       Min        Max
-------------+---------------------------------------------------------
   grass_1km |      1,577    .4120414    .2256159          0   .9458863

added scalar:
          e(mean_2019) =  .41204141

Fixed-effects (within) regression               Number of obs     =     29,963
Group variable: objectid                        Number of groups  =      1,577

R-squared:                                      Obs per group:
     Within  = 0.0674                                         min =         19
     Between = 0.0341                                         avg =       19.0
     Overall = 0.0223                                         max =         19

                                                F(25, 366)        =       6.88
corr(u_i, Xb) = 0.0912                          Prob > F          =     0.0000

                            (Std. err. adjusted for 367 clusters in community_ID)
---------------------------------------------------------------------------------
                |               Robust
       crop_1km | Coefficient  std. err.      t    P>|t|     [95% conf. interval]
----------------+----------------------------------------------------------------
           FTAI |  -.0019967   .0040107    -0.50   0.619    -.0098836    .0058902
                |
           year |
          2002  |   .0046044   .0034217     1.35   0.179    -.0021243     .011333
          2003  |   .0034936   .0033724     1.04   0.301    -.0031381    .0101252
          2004  |   .0070154   .0041253     1.70   0.090    -.0010969    .0151277
          2005  |   .0063674   .0035481     1.79   0.074    -.0006098    .0133446
          2006  |  -.0038001   .0026318    -1.44   0.150    -.0089754    .0013751
          2007  |   .0025745   .0038479     0.67   0.504    -.0049922    .0101412
          2008  |   .0022795   .0052066     0.44   0.662     -.007959    .0125181
          2009  |  -.0010476   .0062705    -0.17   0.867    -.0133784    .0112831
          2010  |  -.0029274   .0045441    -0.64   0.520    -.0118631    .0060084
          2011  |   .0121211   .0089329     1.36   0.176    -.0054452    .0296874
          2012  |   .0043023   .0077292     0.56   0.578    -.0108968    .0195015
          2013  |   .0053246   .0064764     0.82   0.412    -.0074111    .0180603
          2014  |   .0124947   .0083555     1.50   0.136    -.0039362    .0289256
          2015  |   .0171351   .0082715     2.07   0.039     .0008694    .0334009
          2016  |   .0115799   .0092923     1.25   0.213     -.006693    .0298528
          2017  |   .0318526   .0146382     2.18   0.030     .0030671    .0606381
          2018  |   .0200084   .0081664     2.45   0.015     .0039495    .0360673
          2019  |   .0245205   .0087253     2.81   0.005     .0073626    .0416785
                |
lclim_Temp_wi~r |  -.0539423   .0320282    -1.68   0.093    -.1169248    .0090401
lclim_Temp_su~r |   .0930712   .0407667     2.28   0.023     .0129048    .1732376
lclim_rain_au~n |     .01385   .0084074     1.65   0.100    -.0026829    .0303829
lclim_rain_wi~r |   .0006718   .0067903     0.10   0.921    -.0126812    .0140247
lclim_rain_sp~g |  -.0017939   .0028921    -0.62   0.535    -.0074811    .0038934
lclim_rain_su~r |  -.0027691   .0020656    -1.34   0.181    -.0068311    .0012929
          _cons |  -.1181854   .1187921    -0.99   0.320    -.3517862    .1154153
----------------+----------------------------------------------------------------
        sigma_u |  .15927577
        sigma_e |  .02946755
            rho |  .96690425   (fraction of variance due to u_i)
---------------------------------------------------------------------------------

added scalar:
           e(clusters) =  367

added scalar:
              e(plots) =  1577

    Variable |        Obs        Mean    Std. dev.       Min        Max
-------------+---------------------------------------------------------
    crop_1km |     29,963    .0914471    .1629598          0   .9020619

added scalar:
        e(mean_depvar) =  .0914471

    Variable |        Obs        Mean    Std. dev.       Min        Max
-------------+---------------------------------------------------------
    crop_1km |      1,577    .0867572    .1631255          0   .8688061

added scalar:
          e(mean_2001) =  .08675723

    Variable |        Obs        Mean    Std. dev.       Min        Max
-------------+---------------------------------------------------------
    crop_1km |      1,577    .1052127     .169461          0   .9020619

added scalar:
          e(mean_2019) =  .10521268

Fixed-effects (within) regression               Number of obs     =     29,963
Group variable: objectid                        Number of groups  =      1,577

R-squared:                                      Obs per group:
     Within  = 0.0847                                         min =         19
     Between = 0.0078                                         avg =       19.0
     Overall = 0.0001                                         max =         19

                                                F(25, 366)        =      20.22
corr(u_i, Xb) = -0.0877                         Prob > F          =     0.0000

                            (Std. err. adjusted for 367 clusters in community_ID)
---------------------------------------------------------------------------------
                |               Robust
    natural_1km | Coefficient  std. err.      t    P>|t|     [95% conf. interval]
----------------+----------------------------------------------------------------
           FTAI |  -.0057156   .0025231    -2.27   0.024    -.0106772    -.000754
                |
           year |
          2002  |   .0166736   .0034456     4.84   0.000     .0098979    .0234492
          2003  |  -.0502542   .0062161    -8.08   0.000     -.062478   -.0380304
          2004  |  -.0294377   .0046359    -6.35   0.000    -.0385541   -.0203214
          2005  |  -.0315952   .0042095    -7.51   0.000    -.0398731   -.0233173
          2006  |  -.0333048   .0044759    -7.44   0.000    -.0421066    -.024503
          2007  |  -.0192407   .0034492    -5.58   0.000    -.0260235   -.0124579
          2008  |    .003154   .0047948     0.66   0.511    -.0062749    .0125828
          2009  |   .0156203    .005263     2.97   0.003     .0052708    .0259697
          2010  |  -.0158022   .0054593    -2.89   0.004    -.0265377   -.0050667
          2011  |  -.0087492   .0044547    -1.96   0.050    -.0175092    .0000108
          2012  |   .0163154   .0044615     3.66   0.000     .0075421    .0250887
          2013  |  -.0392054   .0073109    -5.36   0.000    -.0535822   -.0248287
          2014  |    .004143   .0057575     0.72   0.472     -.007179    .0154649
          2015  |  -.0016582   .0048586    -0.34   0.733    -.0112124     .007896
          2016  |   .0228182    .009632     2.37   0.018     .0038773    .0417591
          2017  |  -.0040332   .0084061    -0.48   0.632    -.0205635     .012497
          2018  |  -.0074016   .0051098    -1.45   0.148    -.0174498    .0026465
          2019  |  -.0207004   .0047033    -4.40   0.000    -.0299492   -.0114515
                |
lclim_Temp_wi~r |   .0301191   .0289766     1.04   0.299    -.0268625    .0871007
lclim_Temp_su~r |   .0794623   .0477247     1.67   0.097    -.0143868    .1733114
lclim_rain_au~n |   .0112647   .0067547     1.67   0.096    -.0020182    .0245476
lclim_rain_wi~r |  -.0395264   .0088921    -4.45   0.000    -.0570124   -.0220404
lclim_rain_sp~g |   .0307705   .0048077     6.40   0.000     .0213163    .0402247
lclim_rain_su~r |   .0127069   .0027428     4.63   0.000     .0073133    .0181004
          _cons |   -.149246   .1931535    -0.77   0.440    -.5290759    .2305838
----------------+----------------------------------------------------------------
        sigma_u |  .17545021
        sigma_e |  .03415571
            rho |  .96348561   (fraction of variance due to u_i)
---------------------------------------------------------------------------------

added scalar:
           e(clusters) =  367

added scalar:
              e(plots) =  1577

    Variable |        Obs        Mean    Std. dev.       Min        Max
-------------+---------------------------------------------------------
 natural_1km |     29,963    .1983294     .177867          0   .9809197

added scalar:
        e(mean_depvar) =  .19832937

    Variable |        Obs        Mean    Std. dev.       Min        Max
-------------+---------------------------------------------------------
 natural_1km |      1,577    .2191214    .1787588          0   .9778062

added scalar:
          e(mean_2001) =  .21912142

    Variable |        Obs        Mean    Std. dev.       Min        Max
-------------+---------------------------------------------------------
 natural_1km |      1,577    .2051826    .1708641     .00065    .980281

added scalar:
          e(mean_2019) =  .20518264

Fixed-effects (within) regression               Number of obs     =     29,963
Group variable: objectid                        Number of groups  =      1,577

R-squared:                                      Obs per group:
     Within  = 0.1483                                         min =         19
     Between = 0.0891                                         avg =       19.0
     Overall = 0.0907                                         max =         19

                                                F(25, 366)        =      16.64
corr(u_i, Xb) = 0.1006                          Prob > F          =     0.0000

                            (Std. err. adjusted for 367 clusters in community_ID)
---------------------------------------------------------------------------------
                |               Robust
 plantation_1km | Coefficient  std. err.      t    P>|t|     [95% conf. interval]
----------------+----------------------------------------------------------------
           FTAI |   .0042935   .0047901     0.90   0.371    -.0051261    .0137131
                |
           year |
          2002  |  -.0253667   .0072535    -3.50   0.001    -.0396305   -.0111028
          2003  |   .0807486   .0121592     6.64   0.000      .056838    .1046592
          2004  |   .0502574   .0086289     5.82   0.000      .033289    .0672259
          2005  |   .0667037   .0078468     8.50   0.000     .0512732    .0821342
          2006  |   .0678435   .0068961     9.84   0.000     .0542826    .0814044
          2007  |   .0590825   .0065099     9.08   0.000     .0462809    .0718841
          2008  |   .0105862   .0079883     1.33   0.186    -.0051224    .0262949
          2009  |   .0133603   .0109684     1.22   0.224    -.0082087    .0349293
          2010  |   .0790907   .0096029     8.24   0.000      .060207    .0979744
          2011  |   .0218866   .0097952     2.23   0.026     .0026246    .0411485
          2012  |  -.0093703    .010962    -0.85   0.393    -.0309266    .0121861
          2013  |    .115651   .0106467    10.86   0.000     .0947145    .1365874
          2014  |   .0602979   .0111384     5.41   0.000     .0383946    .0822012
          2015  |    .064137   .0102064     6.28   0.000     .0440664    .0842076
          2016  |   .0621004   .0168875     3.68   0.000     .0288916    .0953091
          2017  |   .0848362   .0172166     4.93   0.000     .0509804     .118692
          2018  |   .0749959   .0096319     7.79   0.000      .056055    .0939368
          2019  |   .0794314   .0096738     8.21   0.000     .0604082    .0984547
                |
lclim_Temp_wi~r |  -.1290902   .0507524    -2.54   0.011    -.2288931   -.0292873
lclim_Temp_su~r |  -.3918855   .0745772    -5.25   0.000    -.5385391   -.2452319
lclim_rain_au~n |  -.0120033   .0110973    -1.08   0.280    -.0338259    .0098192
lclim_rain_wi~r |   .0462211   .0135774     3.40   0.001     .0195216    .0729205
lclim_rain_sp~g |  -.0503384   .0100167    -5.03   0.000    -.0700359    -.030641
lclim_rain_su~r |  -.0077903   .0042217    -1.85   0.066    -.0160921    .0005115
          _cons |   1.767731   .2859994     6.18   0.000     1.205323    2.330139
----------------+----------------------------------------------------------------
        sigma_u |  .17405504
        sigma_e |  .05746607
            rho |  .90170851   (fraction of variance due to u_i)
---------------------------------------------------------------------------------

added scalar:
           e(clusters) =  367

added scalar:
              e(plots) =  1577

    Variable |        Obs        Mean    Std. dev.       Min        Max
-------------+---------------------------------------------------------
plantation~m |     29,963    .1808418    .1907838          0   .9185499

added scalar:
        e(mean_depvar) =  .1808418

    Variable |        Obs        Mean    Std. dev.       Min        Max
-------------+---------------------------------------------------------
plantation~m |      1,577    .1316729    .1695318          0   .8149779

added scalar:
          e(mean_2001) =  .13167287

    Variable |        Obs        Mean    Std. dev.       Min        Max
-------------+---------------------------------------------------------
plantation~m |      1,577    .1887306    .1845165          0   .8746721

added scalar:
          e(mean_2019) =  .18873055

. 
. esttab twfeA6_* using "results/TWFE_appendixA6.tex", $esttab_options scalars(mea
> n_depvar mean_2001 mean_2019 clusters plots)  replace keep(FTAI*) se b(%9.3f) se
> (%9.3f)
(file results/TWFE_appendixA6.tex not found)
(output written to results/TWFE_appendixA6.tex)

. 
. 
. ***********************************************************
. *** Table A7: First restitution by each community
. ***********************************************************
. 
. bysort community_ID (year): egen T_year_min = min(T_year)

. gen T_first=1

. replace T_first=0 if T_year > T_year_min + 1
(7,087 real changes made)

. 
. estimates clear

. foreach var of varlist grass crop natural plantation{
  2. qui: xthdidregress aipw (`var' lclim_*) (FTAI) if T_first==1, group(objectid)
>  vce(cluster community_ID) controlgroup(notyet)
  3. 
.         *AGGREGATED RESULTS 
.         estat aggregation
  4.         estadd matrix b_a= r(table)["b", 1 ...]
  5.         estadd matrix se_a = r(table)["se", 1 ...]
  6.         estadd matrix p_a= r(table)["pvalue", 1 ...] 
  7.         esttab using "results/CS_appendixA7.tex", $esttab_options cells(b_a(f
> mt(3) star pval(p_a)) se_a(fmt(3) par)) ///
>         eqlab(none) mlab(`var'_1km, lhs(Cohort)) varlabels(r1vs0.FTAI"11") colla
> b(none) nonumb append 
  8.         clear matrix
  9. }

Overall ATET                                            Number of obs = 22,876

                         (Std. err. adjusted for 367 clusters in community_ID)
------------------------------------------------------------------------------
             |               Robust
       grass |       ATET   std. err.      z    P>|z|     [95% conf. interval]
-------------+----------------------------------------------------------------
        FTAI |
   (1 vs 0)  |   .0188763   .0096956     1.95   0.052    -.0001266    .0378793
------------------------------------------------------------------------------

added matrix:
                e(b_a) :  1 x 1

added matrix:
               e(se_a) :  1 x 1

added matrix:
                e(p_a) :  1 x 1
(file results/CS_appendixA7.tex not found)
(output written to results/CS_appendixA7.tex)

Overall ATET                                            Number of obs = 22,876

                         (Std. err. adjusted for 367 clusters in community_ID)
------------------------------------------------------------------------------
             |               Robust
        crop |       ATET   std. err.      z    P>|z|     [95% conf. interval]
-------------+----------------------------------------------------------------
        FTAI |
   (1 vs 0)  |   .0097088   .0148224     0.66   0.512    -.0193426    .0387601
------------------------------------------------------------------------------

added matrix:
                e(b_a) :  1 x 1

added matrix:
               e(se_a) :  1 x 1

added matrix:
                e(p_a) :  1 x 1
(output written to results/CS_appendixA7.tex)

Overall ATET                                            Number of obs = 22,876

                         (Std. err. adjusted for 367 clusters in community_ID)
------------------------------------------------------------------------------
             |               Robust
     natural |       ATET   std. err.      z    P>|z|     [95% conf. interval]
-------------+----------------------------------------------------------------
        FTAI |
   (1 vs 0)  |   .0023328   .0044761     0.52   0.602    -.0064402    .0111058
------------------------------------------------------------------------------

added matrix:
                e(b_a) :  1 x 1

added matrix:
               e(se_a) :  1 x 1

added matrix:
                e(p_a) :  1 x 1
(output written to results/CS_appendixA7.tex)

Overall ATET                                            Number of obs = 22,876

                         (Std. err. adjusted for 367 clusters in community_ID)
------------------------------------------------------------------------------
             |               Robust
  plantation |       ATET   std. err.      z    P>|z|     [95% conf. interval]
-------------+----------------------------------------------------------------
        FTAI |
   (1 vs 0)  |  -.0284145   .0140834    -2.02   0.044    -.0560175   -.0008115
------------------------------------------------------------------------------

added matrix:
                e(b_a) :  1 x 1

added matrix:
               e(se_a) :  1 x 1

added matrix:
                e(p_a) :  1 x 1
(output written to results/CS_appendixA7.tex)

. 
. foreach var of varlist grass crop natural plantation{
  2.         xtreg `var' FTAI i.year lclim_*  if T_first==1, fe vce(cluster commun
> ity_ID)
  3.         estadd scalar clusters= e(N_clust)
  4.         estadd scalar plots= e(N_g)
  5.         sum `var'_1km if e(sample)
  6.         estadd scalar mean_depvar= r(mean)
  7.         est sto twfeA7_`var'
  8. }

Fixed-effects (within) regression               Number of obs     =     22,876
Group variable: objectid                        Number of groups  =      1,204

R-squared:                                      Obs per group:
     Within  = 0.0582                                         min =         19
     Between = 0.0727                                         avg =       19.0
     Overall = 0.0622                                         max =         19

                                                F(25, 366)        =       4.19
corr(u_i, Xb) = 0.1420                          Prob > F          =     0.0000

                            (Std. err. adjusted for 367 clusters in community_ID)
---------------------------------------------------------------------------------
                |               Robust
          grass | Coefficient  std. err.      t    P>|t|     [95% conf. interval]
----------------+----------------------------------------------------------------
           FTAI |   .0266319   .0092415     2.88   0.004     .0084589     .044805
                |
           year |
          2002  |   .0057896   .0092223     0.63   0.531    -.0123458    .0239249
          2003  |  -.0228048   .0125427    -1.82   0.070    -.0474697      .00186
          2004  |   -.021153    .013433    -1.57   0.116    -.0475686    .0052626
          2005  |   -.034855   .0156418    -2.23   0.026     -.065614    -.004096
          2006  |  -.0315429   .0158102    -2.00   0.047    -.0626331   -.0004528
          2007  |  -.0353466   .0125025    -2.83   0.005    -.0599324   -.0107608
          2008  |  -.0056813   .0113411    -0.50   0.617    -.0279833    .0166207
          2009  |   -.049438   .0211605    -2.34   0.020    -.0910494   -.0078265
          2010  |  -.0791041   .0274668    -2.88   0.004    -.1331167   -.0250915
          2011  |  -.0209096   .0183392    -1.14   0.255     -.056973    .0151538
          2012  |  -.0326837   .0131879    -2.48   0.014    -.0586173   -.0067502
          2013  |  -.0709257   .0261451    -2.71   0.007    -.1223392   -.0195122
          2014  |  -.0643827   .0202678    -3.18   0.002    -.1042387   -.0245267
          2015  |  -.0750517   .0185534    -4.05   0.000    -.1115362   -.0385671
          2016  |  -.1188684   .0337743    -3.52   0.000    -.1852845   -.0524522
          2017  |    -.09391   .0362359    -2.59   0.010    -.1651666   -.0226534
          2018  |   -.092485   .0271852    -3.40   0.001    -.1459438   -.0390261
          2019  |  -.0842344   .0225571    -3.73   0.000    -.1285922   -.0398766
                |
lclim_Temp_wi~r |   .1309712   .0755551     1.73   0.084    -.0176053    .2795477
lclim_Temp_su~r |    .326413   .2614139     1.25   0.213    -.1876486    .8404747
lclim_rain_au~n |   .0192864   .0225519     0.86   0.393    -.0250611     .063634
lclim_rain_wi~r |    -.00011    .020272    -0.01   0.996    -.0399743    .0397543
lclim_rain_sp~g |   .0111153   .0081638     1.36   0.174    -.0049386    .0271693
lclim_rain_su~r |  -.0090929   .0058379    -1.56   0.120     -.020573    .0023871
          _cons |   -.991768    .835508    -1.19   0.236    -2.634767    .6512306
----------------+----------------------------------------------------------------
        sigma_u |  .29199233
        sigma_e |  .08768797
            rho |  .91727501   (fraction of variance due to u_i)
---------------------------------------------------------------------------------

added scalar:
           e(clusters) =  367

added scalar:
              e(plots) =  1204

    Variable |        Obs        Mean    Std. dev.       Min        Max
-------------+---------------------------------------------------------
   grass_1km |     22,876    .4476481    .2371038   .0000284   .9814698

added scalar:
        e(mean_depvar) =  .44764813

Fixed-effects (within) regression               Number of obs     =     22,876
Group variable: objectid                        Number of groups  =      1,204

R-squared:                                      Obs per group:
     Within  = 0.0114                                         min =         19
     Between = 0.0103                                         avg =       19.0
     Overall = 0.0001                                         max =         19

                                                F(25, 366)        =       3.87
corr(u_i, Xb) = -0.0460                         Prob > F          =     0.0000

                            (Std. err. adjusted for 367 clusters in community_ID)
---------------------------------------------------------------------------------
                |               Robust
           crop | Coefficient  std. err.      t    P>|t|     [95% conf. interval]
----------------+----------------------------------------------------------------
           FTAI |  -.0036988   .0135658    -0.27   0.785    -.0303755    .0229779
                |
           year |
          2002  |   .0042412   .0087799     0.48   0.629    -.0130242    .0215067
          2003  |   .0155087   .0111647     1.39   0.166    -.0064464    .0374638
          2004  |   .0041856   .0115827     0.36   0.718    -.0185913    .0269626
          2005  |   .0081073   .0088756     0.91   0.362    -.0093464    .0255609
          2006  |  -.0013132   .0076744    -0.17   0.864    -.0164046    .0137781
          2007  |   .0043988   .0118139     0.37   0.710    -.0188327    .0276304
          2008  |  -.0002473   .0122768    -0.02   0.984    -.0243892    .0238946
          2009  |   .0080742   .0154455     0.52   0.601    -.0222989    .0384473
          2010  |   .0045102   .0129339     0.35   0.728    -.0209239    .0299442
          2011  |  -.0015336   .0227975    -0.07   0.946     -.046364    .0432968
          2012  |  -.0067471   .0200148    -0.34   0.736    -.0461056    .0326114
          2013  |  -.0002399   .0171942    -0.01   0.989    -.0340518     .033572
          2014  |    .005817    .022687     0.26   0.798    -.0387962    .0504302
          2015  |   .0170855   .0233169     0.73   0.464    -.0287663    .0629373
          2016  |   .0211641   .0319805     0.66   0.509    -.0417245    .0840526
          2017  |   .0307662   .0362865     0.85   0.397    -.0405901    .1021224
          2018  |   .0253191   .0211093     1.20   0.231    -.0161916    .0668299
          2019  |   .0236568   .0230341     1.03   0.305     -.021639    .0689526
                |
lclim_Temp_wi~r |  -.0128166   .0707567    -0.18   0.856    -.1519573    .1263242
lclim_Temp_su~r |  -.0421703   .1231828    -0.34   0.732    -.2844052    .2000647
lclim_rain_au~n |   .0102247     .02181     0.47   0.639    -.0326641    .0531134
lclim_rain_wi~r |  -.0137619   .0231716    -0.59   0.553     -.059328    .0318042
lclim_rain_sp~g |  -.0076014   .0075596    -1.01   0.315    -.0224671    .0072643
lclim_rain_su~r |  -.0014674   .0054855    -0.27   0.789    -.0122545    .0093197
          _cons |   .3342705    .336265     0.99   0.321    -.3269835    .9955245
----------------+----------------------------------------------------------------
        sigma_u |  .22201403
        sigma_e |  .07336002
            rho |  .90156387   (fraction of variance due to u_i)
---------------------------------------------------------------------------------

added scalar:
           e(clusters) =  367

added scalar:
              e(plots) =  1204

    Variable |        Obs        Mean    Std. dev.       Min        Max
-------------+---------------------------------------------------------
    crop_1km |     22,876    .1000298    .1712284          0   .9020619

added scalar:
        e(mean_depvar) =  .10002983

Fixed-effects (within) regression               Number of obs     =     22,876
Group variable: objectid                        Number of groups  =      1,204

R-squared:                                      Obs per group:
     Within  = 0.0286                                         min =         19
     Between = 0.2114                                         avg =       19.0
     Overall = 0.1582                                         max =         19

                                                F(25, 366)        =      11.61
corr(u_i, Xb) = -0.5137                         Prob > F          =     0.0000

                            (Std. err. adjusted for 367 clusters in community_ID)
---------------------------------------------------------------------------------
                |               Robust
        natural | Coefficient  std. err.      t    P>|t|     [95% conf. interval]
----------------+----------------------------------------------------------------
           FTAI |  -.0020249   .0067963    -0.30   0.766    -.0153897    .0113399
                |
           year |
          2002  |   .0159422   .0077174     2.07   0.040     .0007661    .0311182
          2003  |  -.0351605   .0085229    -4.13   0.000    -.0519205   -.0184005
          2004  |  -.0204402   .0074478    -2.74   0.006    -.0350861   -.0057943
          2005  |  -.0285231   .0089894    -3.17   0.002    -.0462005   -.0108457
          2006  |  -.0357491   .0096335    -3.71   0.000    -.0546931   -.0168051
          2007  |  -.0117787   .0049976    -2.36   0.019    -.0216064   -.0019511
          2008  |   .0106959   .0089834     1.19   0.235    -.0069696    .0283614
          2009  |  -.0016152   .0159323    -0.10   0.919    -.0329456    .0297152
          2010  |   -.029438   .0225391    -1.31   0.192    -.0737605    .0148844
          2011  |   .0142632   .0123778     1.15   0.250    -.0100774    .0386038
          2012  |   .0084764   .0076082     1.11   0.266    -.0064848    .0234377
          2013  |  -.0538641   .0231086    -2.33   0.020    -.0993065   -.0084217
          2014  |  -.0116682   .0150667    -0.77   0.439    -.0412964    .0179599
          2015  |   -.018856   .0142885    -1.32   0.188     -.046954    .0092419
          2016  |   .0066095   .0199527     0.33   0.741    -.0326267    .0458458
          2017  |  -.0051924   .0229287    -0.23   0.821     -.050281    .0398962
          2018  |  -.0167924   .0186338    -0.90   0.368    -.0534351    .0198503
          2019  |  -.0189956   .0120561    -1.58   0.116    -.0427035    .0047123
                |
lclim_Temp_wi~r |   .0756112   .0571165     1.32   0.186    -.0367065    .1879289
lclim_Temp_su~r |   .3572591   .2339052     1.53   0.128    -.1027077    .8172259
lclim_rain_au~n |   .0293928   .0158577     1.85   0.065    -.0017908    .0605764
lclim_rain_wi~r |  -.0520093   .0191814    -2.71   0.007    -.0897288   -.0142898
lclim_rain_sp~g |   .0166051   .0065247     2.54   0.011     .0037746    .0294357
lclim_rain_su~r |   .0117655   .0034645     3.40   0.001     .0049527    .0185783
          _cons |  -1.089283   .8177747    -1.33   0.184    -2.697409    .5188441
----------------+----------------------------------------------------------------
        sigma_u |   .2487899
        sigma_e |  .06624013
            rho |  .93380388   (fraction of variance due to u_i)
---------------------------------------------------------------------------------

added scalar:
           e(clusters) =  367

added scalar:
              e(plots) =  1204

    Variable |        Obs        Mean    Std. dev.       Min        Max
-------------+---------------------------------------------------------
 natural_1km |     22,876    .2057896      .18393          0   .9809197

added scalar:
        e(mean_depvar) =  .20578958

Fixed-effects (within) regression               Number of obs     =     22,876
Group variable: objectid                        Number of groups  =      1,204

R-squared:                                      Obs per group:
     Within  = 0.0503                                         min =         19
     Between = 0.0332                                         avg =       19.0
     Overall = 0.0348                                         max =         19

                                                F(25, 366)        =       7.96
corr(u_i, Xb) = -0.1458                         Prob > F          =     0.0000

                            (Std. err. adjusted for 367 clusters in community_ID)
---------------------------------------------------------------------------------
                |               Robust
     plantation | Coefficient  std. err.      t    P>|t|     [95% conf. interval]
----------------+----------------------------------------------------------------
           FTAI |  -.0232878   .0126303    -1.84   0.066    -.0481247    .0015492
                |
           year |
          2002  |  -.0426433   .0175143    -2.43   0.015    -.0770846    -.008202
          2003  |   .0624929   .0154765     4.04   0.000     .0320587     .092927
          2004  |   .0372793   .0141853     2.63   0.009     .0093844    .0651741
          2005  |   .0695907   .0195782     3.55   0.000     .0310907    .1080906
          2006  |   .0839973   .0228807     3.67   0.000     .0390032    .1289913
          2007  |   .0558808   .0119197     4.69   0.000     .0324412    .0793204
          2008  |  -.0170573   .0162833    -1.05   0.296    -.0490779    .0149633
          2009  |   .0273087   .0351688     0.78   0.438    -.0418496    .0964671
          2010  |   .1116528   .0537003     2.08   0.038      .006053    .2172526
          2011  |  -.0279786   .0300868    -0.93   0.353    -.0871433     .031186
          2012  |  -.0252097   .0148645    -1.70   0.091    -.0544403    .0040208
          2013  |   .1426538   .0482047     2.96   0.003     .0478608    .2374469
          2014  |   .0600333   .0273844     2.19   0.029     .0061828    .1138838
          2015  |   .0672532    .029353     2.29   0.023     .0095315    .1249748
          2016  |    .095247   .0463944     2.05   0.041      .004014    .1864801
          2017  |   .0673327   .0402385     1.67   0.095    -.0117949    .1464603
          2018  |   .0902303   .0447681     2.02   0.045     .0021954    .1782652
          2019  |   .0871354   .0267246     3.26   0.001     .0345823    .1396885
                |
lclim_Temp_wi~r |   -.194507   .0620991    -3.13   0.002    -.3166227   -.0723913
lclim_Temp_su~r |  -.8757086    .588543    -1.49   0.138    -2.033059    .2816416
lclim_rain_au~n |  -.0728298   .0333926    -2.18   0.030    -.1384953   -.0071642
lclim_rain_wi~r |   .0828672    .029976     2.76   0.006     .0239205     .141814
lclim_rain_sp~g |  -.0446918   .0123712    -3.61   0.000    -.0690194   -.0203643
lclim_rain_su~r |   .0012892   .0054829     0.24   0.814    -.0094927    .0120712
          _cons |   3.489639   1.927768     1.81   0.071    -.3012526     7.28053
----------------+----------------------------------------------------------------
        sigma_u |   .2079248
        sigma_e |  .10606216
            rho |  .79352443   (fraction of variance due to u_i)
---------------------------------------------------------------------------------

added scalar:
           e(clusters) =  367

added scalar:
              e(plots) =  1204

    Variable |        Obs        Mean    Std. dev.       Min        Max
-------------+---------------------------------------------------------
plantation~m |     22,876    .1593492    .1781791          0   .9061055

added scalar:
        e(mean_depvar) =  .1593492

. 
. esttab twfeA7_* using "results/TWFE_appendixA7.tex", $esttab_options scalars(mea
> n_depvar clusters plots)  replace keep(FTAI*) se b(%9.3f) se(%9.3f)
(file results/TWFE_appendixA7.tex not found)
(output written to results/TWFE_appendixA7.tex)

. 
. 
. ***********************************************************
. *** Table A8: Robustness of main land use change results to alternate controls
. ***********************************************************
. 
. ***Panel A 
. 
. estimates clear

. foreach var of varlist grass crop natural plantation{
  2.         xtreg `var' FTAI  i.year lclim_* escolaridad - lny, fe vce(cluster co
> mmunity_ID)
  3.         estadd scalar clusters= e(N_clust)
  4.         estadd scalar plots= e(N_g)
  5.         sum `var' if e(sample)
  6.         estadd scalar mean_depvar= r(mean)
  7.         est sto twfecasen_`var'
  8. }

Fixed-effects (within) regression               Number of obs     =     28,340
Group variable: objectid                        Number of groups  =      1,577

R-squared:                                      Obs per group:
     Within  = 0.0611                                         min =         16
     Between = 0.1077                                         avg =       18.0
     Overall = 0.0731                                         max =         18

                                                F(32, 366)        =       4.99
corr(u_i, Xb) = 0.1867                          Prob > F          =     0.0000

                            (Std. err. adjusted for 367 clusters in community_ID)
---------------------------------------------------------------------------------
                |               Robust
          grass | Coefficient  std. err.      t    P>|t|     [95% conf. interval]
----------------+----------------------------------------------------------------
           FTAI |   .0269245   .0083392     3.23   0.001     .0105258    .0433233
                |
           year |
          2002  |   .0017884   .0079046     0.23   0.821    -.0137557    .0173325
          2003  |  -.0189262   .0098076    -1.93   0.054    -.0382125    .0003602
          2004  |  -.0212369   .0108071    -1.97   0.050    -.0424887    .0000149
          2005  |  -.0309835   .0114265    -2.71   0.007    -.0534532   -.0085137
          2006  |  -.0279905   .0098062    -2.85   0.005    -.0472741   -.0087068
          2007  |  -.0313111   .0097894    -3.20   0.002    -.0505617   -.0120606
          2008  |  -.0069006   .0130549    -0.53   0.597    -.0325727    .0187715
          2009  |  -.0428193   .0138805    -3.08   0.002    -.0701147   -.0155238
          2010  |  -.0637064   .0151526    -4.20   0.000    -.0935035   -.0339092
          2011  |  -.0159642   .0200235    -0.80   0.426    -.0553398    .0234115
          2012  |  -.0255556   .0175839    -1.45   0.147    -.0601338    .0090226
          2013  |  -.0542152   .0184742    -2.93   0.004     -.090544   -.0178863
          2014  |  -.0557681   .0186902    -2.98   0.003    -.0925218   -.0190143
          2015  |  -.0695666   .0170095    -4.09   0.000    -.1030151    -.036118
          2016  |  -.1126014    .025137    -4.48   0.000    -.1620325   -.0631703
          2017  |   -.084663   .0302531    -2.80   0.005    -.1441546   -.0251713
          2018  |  -.0814065   .0222991    -3.65   0.000    -.1252569   -.0375561
                |
lclim_Temp_wi~r |    .114828   .0630907     1.82   0.070    -.0092378    .2388939
lclim_Temp_su~r |   .2293783   .1286571     1.78   0.075    -.0236217    .4823783
lclim_rain_au~n |   .0176644    .015103     1.17   0.243    -.0120352    .0473639
lclim_rain_wi~r |   .0047252   .0190858     0.25   0.805    -.0328064    .0422568
lclim_rain_sp~g |    .009047   .0074734     1.21   0.227    -.0056493    .0237433
lclim_rain_su~r |   -.009641   .0049769    -1.94   0.053     -.019428     .000146
    escolaridad |   .0043839   .0066253     0.66   0.509    -.0086444    .0174123
      desempleo |  -.0001166   .0005936    -0.20   0.844     -.001284    .0010508
        pobreza |  -.0000166   .0003451    -0.05   0.962    -.0006953    .0006621
      urbanidad |  -.0003423   .0003613    -0.95   0.344    -.0010529    .0003682
         genero |   .0043416   .0026023     1.67   0.096    -.0007756    .0094589
     pob_adulta |  -.0001277   .0010438    -0.12   0.903    -.0021803    .0019249
           gini |  -.0002942   .0003831    -0.77   0.443    -.0010475    .0004591
            lny |   .0159199    .020829     0.76   0.445    -.0250395    .0568793
          _cons |  -1.058873   .5639215    -1.88   0.061    -2.167806    .0500596
----------------+----------------------------------------------------------------
        sigma_u |  .30062606
        sigma_e |  .08552233
            rho |  .92512989   (fraction of variance due to u_i)
---------------------------------------------------------------------------------

added scalar:
           e(clusters) =  367

added scalar:
              e(plots) =  1577

    Variable |        Obs        Mean    Std. dev.       Min        Max
-------------+---------------------------------------------------------
       grass |     28,340    .4662787    .3185213          0          1

added scalar:
        e(mean_depvar) =  .46627866

Fixed-effects (within) regression               Number of obs     =     28,340
Group variable: objectid                        Number of groups  =      1,577

R-squared:                                      Obs per group:
     Within  = 0.0191                                         min =         16
     Between = 0.0514                                         avg =       18.0
     Overall = 0.0271                                         max =         18

                                                F(32, 366)        =       4.33
corr(u_i, Xb) = -0.2558                         Prob > F          =     0.0000

                            (Std. err. adjusted for 367 clusters in community_ID)
---------------------------------------------------------------------------------
                |               Robust
           crop | Coefficient  std. err.      t    P>|t|     [95% conf. interval]
----------------+----------------------------------------------------------------
           FTAI |  -.0077403   .0105986    -0.73   0.466     -.028582    .0131014
                |
           year |
          2002  |   .0019956   .0077094     0.26   0.796    -.0131647    .0171559
          2003  |   .0186236   .0089215     2.09   0.038     .0010799    .0361674
          2004  |   .0066464    .009944     0.67   0.504    -.0129082     .026201
          2005  |   .0167565   .0097191     1.72   0.086    -.0023558    .0358688
          2006  |   .0152813   .0094608     1.62   0.107    -.0033231    .0338857
          2007  |   .0169929   .0109974     1.55   0.123     -.004633    .0386188
          2008  |   .0034038   .0148806     0.23   0.819    -.0258584    .0326659
          2009  |   .0219001   .0181176     1.21   0.228    -.0137275    .0575277
          2010  |   .0265834    .020345     1.31   0.192    -.0134244    .0665911
          2011  |    .004085   .0220837     0.18   0.853    -.0393418    .0475118
          2012  |   .0070604   .0233871     0.30   0.763    -.0389296    .0530503
          2013  |   .0202186   .0256251     0.79   0.431    -.0301724    .0706096
          2014  |   .0227603   .0281891     0.81   0.420    -.0326727    .0781933
          2015  |    .040435   .0267985     1.51   0.132    -.0122633    .0931334
          2016  |   .0629496   .0350995     1.79   0.074    -.0060723    .1319716
          2017  |   .0565329   .0397021     1.42   0.155    -.0215401    .1346058
          2018  |    .067369   .0342107     1.97   0.050     .0000947    .1346433
                |
lclim_Temp_wi~r |  -.0017139   .0604624    -0.03   0.977    -.1206111    .1171833
lclim_Temp_su~r |   -.151803   .1335976    -1.14   0.257    -.4145182    .1109122
lclim_rain_au~n |  -.0064408   .0166619    -0.39   0.699    -.0392058    .0263243
lclim_rain_wi~r |  -.0188196   .0181181    -1.04   0.300    -.0544483    .0168091
lclim_rain_sp~g |  -.0092693   .0067906    -1.37   0.173    -.0226229    .0040842
lclim_rain_su~r |   .0015092   .0044867     0.34   0.737    -.0073137    .0103322
    escolaridad |  -.0131819    .007729    -1.71   0.089    -.0283808    .0020169
      desempleo |  -.0004425   .0004609    -0.96   0.338    -.0013489    .0004639
        pobreza |   .0005708   .0002815     2.03   0.043     .0000173    .0011242
      urbanidad |  -.0003807   .0002957    -1.29   0.199    -.0009622    .0002008
         genero |  -.0005128   .0010342    -0.50   0.620    -.0025464    .0015209
     pob_adulta |  -.0008217   .0018815    -0.44   0.663    -.0045215    .0028781
           gini |  -.0005188   .0004194    -1.24   0.217    -.0013435    .0003059
            lny |   .0332614   .0250468     1.33   0.185    -.0159923    .0825151
          _cons |   .5312908   .4132952     1.29   0.199    -.2814405    1.344022
----------------+----------------------------------------------------------------
        sigma_u |  .21409445
        sigma_e |  .06884221
            rho |   .9062939   (fraction of variance due to u_i)
---------------------------------------------------------------------------------

added scalar:
           e(clusters) =  367

added scalar:
              e(plots) =  1577

    Variable |        Obs        Mean    Std. dev.       Min        Max
-------------+---------------------------------------------------------
        crop |     28,340    .1055647    .2205365          0          1

added scalar:
        e(mean_depvar) =  .10556467

Fixed-effects (within) regression               Number of obs     =     28,340
Group variable: objectid                        Number of groups  =      1,577

R-squared:                                      Obs per group:
     Within  = 0.0361                                         min =         16
     Between = 0.0961                                         avg =       18.0
     Overall = 0.0564                                         max =         18

                                                F(32, 366)        =       9.52
corr(u_i, Xb) = -0.3462                         Prob > F          =     0.0000

                            (Std. err. adjusted for 367 clusters in community_ID)
---------------------------------------------------------------------------------
                |               Robust
        natural | Coefficient  std. err.      t    P>|t|     [95% conf. interval]
----------------+----------------------------------------------------------------
           FTAI |   -.002168   .0046265    -0.47   0.640    -.0112659    .0069299
                |
           year |
          2002  |   .0089994   .0080194     1.12   0.263    -.0067705    .0247693
          2003  |   -.040497   .0080137    -5.05   0.000    -.0562557   -.0247384
          2004  |  -.0203271     .00692    -2.94   0.004    -.0339352   -.0067191
          2005  |  -.0268416   .0062884    -4.27   0.000    -.0392076   -.0144756
          2006  |  -.0363002   .0062335    -5.82   0.000    -.0485583   -.0240422
          2007  |  -.0142079    .008822    -1.61   0.108     -.031556    .0031403
          2008  |   .0173354   .0113307     1.53   0.127    -.0049461    .0396169
          2009  |   .0003722   .0126744     0.03   0.977    -.0245516     .025296
          2010  |  -.0164428    .009953    -1.65   0.099     -.036015    .0031294
          2011  |   .0256897   .0169284     1.52   0.130    -.0075994    .0589789
          2012  |   .0179827   .0168539     1.07   0.287      -.01516    .0511254
          2013  |  -.0268505   .0125306    -2.14   0.033    -.0514916   -.0022094
          2014  |   .0020701   .0140395     0.15   0.883    -.0255381    .0296784
          2015  |  -.0117526   .0149634    -0.79   0.433    -.0411778    .0176725
          2016  |   .0073724   .0221711     0.33   0.740    -.0362263     .050971
          2017  |   .0070555   .0187338     0.38   0.707    -.0297839     .043895
          2018  |   .0018083    .017169     0.11   0.916     -.031954    .0355706
                |
lclim_Temp_wi~r |   .0758082   .0540322     1.40   0.161    -.0304443    .1820606
lclim_Temp_su~r |   .3102557   .1031913     3.01   0.003     .1073334     .513178
lclim_rain_au~n |   .0251563   .0109348     2.30   0.022     .0036533    .0466592
lclim_rain_wi~r |  -.0203399    .018217    -1.12   0.265    -.0561629    .0154832
lclim_rain_sp~g |   .0190654   .0068916     2.77   0.006     .0055134    .0326175
lclim_rain_su~r |   .0109065   .0039266     2.78   0.006     .0031849     .018628
    escolaridad |   .0049374   .0035037     1.41   0.160    -.0019525    .0118274
      desempleo |  -.0010616   .0006844    -1.55   0.122    -.0024073    .0002842
        pobreza |  -.0000834   .0003871    -0.22   0.829    -.0008446    .0006777
      urbanidad |   -.000294   .0003978    -0.74   0.460    -.0010764    .0004883
         genero |   .0021286   .0023534     0.90   0.366    -.0024993    .0067564
     pob_adulta |  -.0012686   .0008224    -1.54   0.124    -.0028858    .0003485
           gini |   -.000111   .0002732    -0.41   0.685    -.0006482    .0004262
            lny |  -.0134373   .0113216    -1.19   0.236    -.0357008    .0088261
          _cons |  -.9561874   .5190761    -1.84   0.066    -1.976933    .0645585
----------------+----------------------------------------------------------------
        sigma_u |  .24024593
        sigma_e |  .06525828
            rho |  .93128643   (fraction of variance due to u_i)
---------------------------------------------------------------------------------

added scalar:
           e(clusters) =  367

added scalar:
              e(plots) =  1577

    Variable |        Obs        Mean    Std. dev.       Min        Max
-------------+---------------------------------------------------------
     natural |     28,340    .2061261    .2406705          0          1

added scalar:
        e(mean_depvar) =  .2061261

Fixed-effects (within) regression               Number of obs     =     28,340
Group variable: objectid                        Number of groups  =      1,577

R-squared:                                      Obs per group:
     Within  = 0.0674                                         min =         16
     Between = 0.0451                                         avg =       18.0
     Overall = 0.0495                                         max =         18

                                                F(32, 366)        =       6.71
corr(u_i, Xb) = 0.0129                          Prob > F          =     0.0000

                            (Std. err. adjusted for 367 clusters in community_ID)
---------------------------------------------------------------------------------
                |               Robust
     plantation | Coefficient  std. err.      t    P>|t|     [95% conf. interval]
----------------+----------------------------------------------------------------
           FTAI |  -.0197392   .0086626    -2.28   0.023    -.0367739   -.0027045
                |
           year |
          2002  |  -.0286555   .0154915    -1.85   0.065    -.0591189     .001808
          2003  |   .0679551   .0142148     4.78   0.000     .0400021    .0959081
          2004  |   .0421309    .011782     3.58   0.000     .0189619    .0652998
          2005  |   .0602548   .0123524     4.88   0.000     .0359643    .0845453
          2006  |   .0672139    .009909     6.78   0.000     .0477281    .0866997
          2007  |   .0500535   .0111245     4.50   0.000     .0281776    .0719295
          2008  |  -.0228448   .0208069    -1.10   0.273     -.063761    .0180714
          2009  |   .0075964   .0176039     0.43   0.666    -.0270211    .0422139
          2010  |   .0694983   .0156087     4.45   0.000     .0388043    .1001924
          2011  |  -.0379976    .035175    -1.08   0.281    -.1071681    .0311728
          2012  |   -.049783   .0312194    -1.59   0.112    -.1111749    .0116089
          2013  |   .0906042     .02077     4.36   0.000     .0497608    .1314476
          2014  |   .0316676   .0241895     1.31   0.191    -.0159002    .0792354
          2015  |   .0444542   .0248627     1.79   0.075    -.0044374    .0933458
          2016  |   .0626745   .0306404     2.05   0.042     .0024211    .1229279
          2017  |   .0432474   .0332975     1.30   0.195     -.022231    .1087258
          2018  |   .0415138   .0286227     1.45   0.148    -.0147719    .0977995
                |
lclim_Temp_wi~r |  -.2171181   .0758449    -2.86   0.004    -.3662645   -.0679717
lclim_Temp_su~r |  -.5670675   .2340406    -2.42   0.016    -1.027301   -.1068345
lclim_rain_au~n |  -.0487631   .0195654    -2.49   0.013    -.0872377   -.0102884
lclim_rain_wi~r |   .0466904   .0283134     1.65   0.100    -.0089869    .1023676
lclim_rain_sp~g |  -.0487144   .0135088    -3.61   0.000    -.0752791   -.0221498
lclim_rain_su~r |  -.0011909   .0056686    -0.21   0.834    -.0123381    .0099563
    escolaridad |  -.0061898   .0057812    -1.07   0.285    -.0175582    .0051787
      desempleo |   .0012313   .0012283     1.00   0.317    -.0011841    .0036466
        pobreza |  -.0003555   .0007148    -0.50   0.619    -.0017611    .0010502
      urbanidad |   .0010068   .0007533     1.34   0.182    -.0004745    .0024882
         genero |  -.0069189   .0049154    -1.41   0.160    -.0165849    .0027471
     pob_adulta |   .0020741   .0012701     1.63   0.103    -.0004235    .0045717
           gini |   .0013812   .0004897     2.82   0.005     .0004182    .0023442
            lny |  -.0177888   .0205591    -0.87   0.387    -.0582176      .02264
          _cons |   3.053929   1.117583     2.73   0.007     .8562389    5.251619
----------------+----------------------------------------------------------------
        sigma_u |  .22806729
        sigma_e |  .10190927
            rho |  .83356622   (fraction of variance due to u_i)
---------------------------------------------------------------------------------

added scalar:
           e(clusters) =  367

added scalar:
              e(plots) =  1577

    Variable |        Obs        Mean    Std. dev.       Min        Max
-------------+---------------------------------------------------------
  plantation |     28,340    .1496933    .2547039          0          1

added scalar:
        e(mean_depvar) =  .1496933

. esttab twfecasen_* using "results/TWFE_appendixA8_A.tex", $esttab_options scalar
> s(mean_depvar clusters plots)  replace keep(FTAI*) se b(%9.3f) se(%9.3f)
(file results/TWFE_appendixA8_A.tex not found)
(output written to results/TWFE_appendixA8_A.tex)

. 
. 
. ***Panel B
. 
. estimates clear

. foreach var in grass crop natural plantation{  
  2.         qui: xthdidregress aipw (`var' lclim_* escolaridad - lny) (FTAI), gro
> up(objectid) vce(cluster community_ID) controlgroup(notyet)
  3.         
.         estat aggregation
  4.         estadd matrix b_a2= r(table)["b", 1 ...]
  5.         estadd matrix se_a2 = r(table)["se", 1 ...]
  6.         estadd matrix p_a2= r(table)["pvalue", 1 ...]
  7.         esttab using "results/CS_appendixA8_B.tex", $esttab_options cells(b_a
> 2(fmt(3) star pval(p_a2)) se_a2(fmt(3) par)) ///
>         eqlab(none) mlab(`var', lhs(Cohort)) collab(none) nonumb   append
  8.     clear matrix
  9. }

Overall ATET                                            Number of obs = 28,324

                         (Std. err. adjusted for 366 clusters in community_ID)
------------------------------------------------------------------------------
             |               Robust
       grass |       ATET   std. err.      z    P>|z|     [95% conf. interval]
-------------+----------------------------------------------------------------
        FTAI |
   (1 vs 0)  |   .0235815   .0080232     2.94   0.003     .0078564    .0393067
------------------------------------------------------------------------------

added matrix:
               e(b_a2) :  1 x 1

added matrix:
              e(se_a2) :  1 x 1

added matrix:
               e(p_a2) :  1 x 1
(file results/CS_appendixA8_B.tex not found)
(output written to results/CS_appendixA8_B.tex)

Overall ATET                                            Number of obs = 28,324

                         (Std. err. adjusted for 366 clusters in community_ID)
------------------------------------------------------------------------------
             |               Robust
        crop |       ATET   std. err.      z    P>|z|     [95% conf. interval]
-------------+----------------------------------------------------------------
        FTAI |
   (1 vs 0)  |    .006039   .0120342     0.50   0.616    -.0175476    .0296256
------------------------------------------------------------------------------

added matrix:
               e(b_a2) :  1 x 1

added matrix:
              e(se_a2) :  1 x 1

added matrix:
               e(p_a2) :  1 x 1
(output written to results/CS_appendixA8_B.tex)

Overall ATET                                            Number of obs = 28,324

                         (Std. err. adjusted for 366 clusters in community_ID)
------------------------------------------------------------------------------
             |               Robust
     natural |       ATET   std. err.      z    P>|z|     [95% conf. interval]
-------------+----------------------------------------------------------------
        FTAI |
   (1 vs 0)  |   .0024293   .0036591     0.66   0.507    -.0047425    .0096011
------------------------------------------------------------------------------

added matrix:
               e(b_a2) :  1 x 1

added matrix:
              e(se_a2) :  1 x 1

added matrix:
               e(p_a2) :  1 x 1
(output written to results/CS_appendixA8_B.tex)

Overall ATET                                            Number of obs = 28,324

                         (Std. err. adjusted for 366 clusters in community_ID)
------------------------------------------------------------------------------
             |               Robust
  plantation |       ATET   std. err.      z    P>|z|     [95% conf. interval]
-------------+----------------------------------------------------------------
        FTAI |
   (1 vs 0)  |  -.0337602   .0105337    -3.20   0.001    -.0544058   -.0131145
------------------------------------------------------------------------------

added matrix:
               e(b_a2) :  1 x 1

added matrix:
              e(se_a2) :  1 x 1

added matrix:
               e(p_a2) :  1 x 1
(output written to results/CS_appendixA8_B.tex)

. 
. 
. ***Panel C
. 
. estimates clear

. foreach var of varlist grass crop natural plantation{
  2.         xtreg `var' FTAI  i.year bin_* lclim_rain_* SDrain lag*, fe vce(clust
> er community_ID)
  3.         estadd scalar clusters= e(N_clust)
  4.         estadd scalar plots= e(N_g)
  5.         sum `var' if e(sample)
  6.         estadd scalar mean_depvar= r(mean)
  7.         est sto twfeclim2_`var'
  8. }
note: bin_4 omitted because of collinearity.

Fixed-effects (within) regression               Number of obs     =     29,963
Group variable: objectid                        Number of groups  =      1,577

R-squared:                                      Obs per group:
     Within  = 0.0541                                         min =         19
     Between = 0.0289                                         avg =       19.0
     Overall = 0.0182                                         max =         19

                                                F(31, 366)        =       3.94
corr(u_i, Xb) = 0.0652                          Prob > F          =     0.0000

                            (Std. err. adjusted for 367 clusters in community_ID)
---------------------------------------------------------------------------------
                |               Robust
          grass | Coefficient  std. err.      t    P>|t|     [95% conf. interval]
----------------+----------------------------------------------------------------
           FTAI |   .0240195   .0077303     3.11   0.002     .0088182    .0392208
                |
           year |
          2002  |   .0044969   .0062102     0.72   0.469    -.0077152    .0167091
          2003  |  -.0076958   .0084308    -0.91   0.362    -.0242747    .0088832
          2004  |  -.0267534   .0138099    -1.94   0.053      -.05391    .0004033
          2005  |   -.025595   .0168966    -1.51   0.131    -.0588216    .0076316
          2006  |  -.0407886   .0153767    -2.65   0.008    -.0710264   -.0105509
          2007  |  -.0331168   .0110804    -2.99   0.003    -.0549059   -.0113277
          2008  |   -.009679   .0148682    -0.65   0.515    -.0389168    .0195588
          2009  |  -.0312714   .0132084    -2.37   0.018    -.0572453   -.0052975
          2010  |  -.0370165   .0117257    -3.16   0.002    -.0600748   -.0139582
          2011  |  -.0352839   .0188612    -1.87   0.062    -.0723738    .0018059
          2012  |  -.0340087   .0131626    -2.58   0.010    -.0598926   -.0081248
          2013  |  -.0504631   .0155818    -3.24   0.001    -.0811041   -.0198221
          2014  |   -.063433   .0223203    -2.84   0.005    -.1073251   -.0195409
          2015  |   -.071973   .0147502    -4.88   0.000    -.1009788   -.0429673
          2016  |  -.0990353   .0254544    -3.89   0.000    -.1490905     -.04898
          2017  |  -.0611429   .0272969    -2.24   0.026    -.1148213   -.0074645
          2018  |  -.0779486   .0187421    -4.16   0.000    -.1148043   -.0410929
          2019  |  -.0829269    .018773    -4.42   0.000    -.1198435   -.0460103
                |
          bin_1 |  -.2350325   .1566669    -1.50   0.134    -.5431127    .0730476
          bin_2 |  -.1015827   .0864993    -1.17   0.241    -.2716806    .0685153
          bin_3 |  -.0265396   .0472997    -0.56   0.575    -.1195529    .0664737
          bin_4 |          0  (omitted)
lclim_rain_au~n |   .2124295   .2718133     0.78   0.435    -.3220823    .7469413
lclim_rain_wi~r |   .0126207   .0228258     0.55   0.581    -.0322655     .057507
lclim_rain_sp~g |   .0135494   .0078758     1.72   0.086    -.0019381    .0290369
lclim_rain_su~r |   .0054295   .0259103     0.21   0.834    -.0455223    .0563814
         SDrain |  -.0001532   .0001791    -0.86   0.393    -.0005054     .000199
lag_lclim_r~mer |  -.0127522   .0208013    -0.61   0.540    -.0536573    .0281528
lag_lclim_rai~n |  -.1831376     .27284    -0.67   0.502    -.7196683    .3533931
lag_lclim_r~ter |  -.0225312   .0278898    -0.81   0.420    -.0773755    .0323132
lag_lclim_rai~g |   .0053088   .0074273     0.71   0.475    -.0092968    .0199144
          _cons |   .6366928   .4477914     1.42   0.156    -.2438741     1.51726
----------------+----------------------------------------------------------------
        sigma_u |  .30460923
        sigma_e |  .08667246
            rho |  .92510271   (fraction of variance due to u_i)
---------------------------------------------------------------------------------

added scalar:
           e(clusters) =  367

added scalar:
              e(plots) =  1577

    Variable |        Obs        Mean    Std. dev.       Min        Max
-------------+---------------------------------------------------------
       grass |     29,963    .4646195    .3182609          0          1

added scalar:
        e(mean_depvar) =  .46461949
note: bin_4 omitted because of collinearity.

Fixed-effects (within) regression               Number of obs     =     29,963
Group variable: objectid                        Number of groups  =      1,577

R-squared:                                      Obs per group:
     Within  = 0.0113                                         min =         19
     Between = 0.0521                                         avg =       19.0
     Overall = 0.0363                                         max =         19

                                                F(31, 366)        =       3.74
corr(u_i, Xb) = 0.1461                          Prob > F          =     0.0000

                            (Std. err. adjusted for 367 clusters in community_ID)
---------------------------------------------------------------------------------
                |               Robust
           crop | Coefficient  std. err.      t    P>|t|     [95% conf. interval]
----------------+----------------------------------------------------------------
           FTAI |  -.0039432   .0108421    -0.36   0.716    -.0252639    .0173775
                |
           year |
          2002  |   .0024716   .0043851     0.56   0.573    -.0061515    .0110947
          2003  |   .0123739   .0086293     1.43   0.152    -.0045954    .0293431
          2004  |   .0044534   .0115396     0.39   0.700    -.0182388    .0271456
          2005  |   .0044506   .0138338     0.32   0.748     -.022753    .0316543
          2006  |  -.0012378   .0078854    -0.16   0.875    -.0167441    .0142685
          2007  |   .0011197   .0121029     0.09   0.926    -.0226803    .0249196
          2008  |  -.0013253   .0157568    -0.08   0.933    -.0323106      .02966
          2009  |   .0018177   .0130428     0.14   0.889    -.0238305     .027466
          2010  |   .0069621    .014932     0.47   0.641    -.0224011    .0363253
          2011  |  -.0061258   .0230707    -0.27   0.791    -.0514935    .0392419
          2012  |  -.0133074   .0193047    -0.69   0.491    -.0512694    .0246546
          2013  |   -.009262   .0131387    -0.70   0.481    -.0350989    .0165749
          2014  |  -.0061622   .0266675    -0.23   0.817     -.058603    .0462786
          2015  |   .0075952   .0163585     0.46   0.643    -.0245732    .0397637
          2016  |   .0252744   .0305293     0.83   0.408    -.0347603    .0853092
          2017  |   .0205472   .0281009     0.73   0.465    -.0347124    .0758067
          2018  |   .0148902   .0249468     0.60   0.551    -.0341668    .0639471
          2019  |   .0156152   .0217127     0.72   0.472    -.0270821    .0583124
                |
          bin_1 |  -.0117252   .0993328    -0.12   0.906    -.2070598    .1836094
          bin_2 |  -.0535355   .0622374    -0.86   0.390    -.1759233    .0688522
          bin_3 |  -.0328804   .0389271    -0.84   0.399    -.1094294    .0436685
          bin_4 |          0  (omitted)
lclim_rain_au~n |    .024091   .1126032     0.21   0.831    -.1973395    .2455215
lclim_rain_wi~r |  -.0121526   .0247323    -0.49   0.623    -.0607879    .0364826
lclim_rain_sp~g |  -.0054321   .0065866    -0.82   0.410    -.0183845    .0075203
lclim_rain_su~r |   .0134976   .0240322     0.56   0.575    -.0337609     .060756
         SDrain |  -.0000523   .0001842    -0.28   0.777    -.0004145      .00031
lag_lclim_r~mer |  -.0100996   .0183732    -0.55   0.583      -.04623    .0260307
lag_lclim_rai~n |  -.0222995   .1077713    -0.21   0.836    -.2342282    .1896291
lag_lclim_r~ter |  -.0152179   .0237733    -0.64   0.522    -.0619674    .0315315
lag_lclim_rai~g |   .0004169   .0065171     0.06   0.949    -.0123987    .0132326
          _cons |   .3332156    .291091     1.14   0.253    -.2392053    .9056364
----------------+----------------------------------------------------------------
        sigma_u |   .2081616
        sigma_e |  .06985484
            rho |  .89878445   (fraction of variance due to u_i)
---------------------------------------------------------------------------------

added scalar:
           e(clusters) =  367

added scalar:
              e(plots) =  1577

    Variable |        Obs        Mean    Std. dev.       Min        Max
-------------+---------------------------------------------------------
        crop |     29,963    .1060963    .2208358          0          1

added scalar:
        e(mean_depvar) =  .10609629
note: bin_4 omitted because of collinearity.

Fixed-effects (within) regression               Number of obs     =     29,963
Group variable: objectid                        Number of groups  =      1,577

R-squared:                                      Obs per group:
     Within  = 0.0327                                         min =         19
     Between = 0.2043                                         avg =       19.0
     Overall = 0.1286                                         max =         19

                                                F(31, 366)        =      10.58
corr(u_i, Xb) = -0.4591                         Prob > F          =     0.0000

                            (Std. err. adjusted for 367 clusters in community_ID)
---------------------------------------------------------------------------------
                |               Robust
        natural | Coefficient  std. err.      t    P>|t|     [95% conf. interval]
----------------+----------------------------------------------------------------
           FTAI |  -.0032343   .0051134    -0.63   0.527    -.0132896     .006821
                |
           year |
          2002  |   .0219728   .0076144     2.89   0.004     .0069994    .0369462
          2003  |  -.0420918   .0097263    -4.33   0.000    -.0612183   -.0229654
          2004  |  -.0068962   .0123217    -0.56   0.576    -.0311264     .017334
          2005  |  -.0347387   .0130735    -2.66   0.008    -.0604472   -.0090301
          2006  |  -.0426036    .012851    -3.32   0.001    -.0678747   -.0173326
          2007  |   .0073178   .0082419     0.89   0.375    -.0088897    .0235253
          2008  |   .0550925    .015759     3.50   0.001      .024103     .086082
          2009  |    .023222   .0099832     2.33   0.021     .0035904    .0428537
          2010  |   .0260724   .0096699     2.70   0.007     .0070568     .045088
          2011  |   .0342431   .0129073     2.65   0.008     .0088613    .0596249
          2012  |    .030504   .0110072     2.77   0.006     .0088588    .0521492
          2013  |  -.0389387   .0146329    -2.66   0.008    -.0677137   -.0101636
          2014  |   .0021693   .0178163     0.12   0.903    -.0328658    .0372043
          2015  |  -.0202114   .0141465    -1.43   0.154    -.0480301    .0076072
          2016  |   .0495847   .0155869     3.18   0.002     .0189335    .0802359
          2017  |   .0595564   .0186876     3.19   0.002     .0228078     .096305
          2018  |   .0256422   .0118161     2.17   0.031     .0024063    .0488781
          2019  |  -.0078207   .0115033    -0.68   0.497    -.0304416    .0148002
                |
          bin_1 |  -.4341923   .1333974    -3.25   0.001    -.6965138   -.1718707
          bin_2 |   -.171391   .0961962    -1.78   0.076    -.3605577    .0177756
          bin_3 |   .0259535   .0405598     0.64   0.523     -.053806    .1057129
          bin_4 |          0  (omitted)
lclim_rain_au~n |   .1306843   .2268357     0.58   0.565    -.3153805    .5767492
lclim_rain_wi~r |  -.0663421    .020912    -3.17   0.002    -.1074649   -.0252192
lclim_rain_sp~g |   .0303962   .0069194     4.39   0.000     .0167894    .0440029
lclim_rain_su~r |   .0488532   .0231034     2.11   0.035      .003421    .0942853
         SDrain |   .0003063   .0000924     3.32   0.001     .0001247    .0004879
lag_lclim_r~mer |  -.0297059   .0195347    -1.52   0.129    -.0681202    .0087085
lag_lclim_rai~n |  -.0822313   .2289227    -0.36   0.720    -.5324001    .3679376
lag_lclim_r~ter |  -.0520359   .0241026    -2.16   0.032    -.0994328    -.004639
lag_lclim_rai~g |   -.011014   .0065806    -1.67   0.095    -.0239546    .0019266
          _cons |   .6133019    .298171     2.06   0.040     .0269586    1.199645
----------------+----------------------------------------------------------------
        sigma_u |  .24254839
        sigma_e |  .06646993
            rho |  .93014398   (fraction of variance due to u_i)
---------------------------------------------------------------------------------

added scalar:
           e(clusters) =  367

added scalar:
              e(plots) =  1577

    Variable |        Obs        Mean    Std. dev.       Min        Max
-------------+---------------------------------------------------------
     natural |     29,963    .2070315    .2409382          0          1

added scalar:
        e(mean_depvar) =  .20703149
note: bin_4 omitted because of collinearity.

Fixed-effects (within) regression               Number of obs     =     29,963
Group variable: objectid                        Number of groups  =      1,577

R-squared:                                      Obs per group:
     Within  = 0.0505                                         min =         19
     Between = 0.0771                                         avg =       19.0
     Overall = 0.0312                                         max =         19

                                                F(31, 366)        =       9.11
corr(u_i, Xb) = -0.3749                         Prob > F          =     0.0000

                            (Std. err. adjusted for 367 clusters in community_ID)
---------------------------------------------------------------------------------
                |               Robust
     plantation | Coefficient  std. err.      t    P>|t|     [95% conf. interval]
----------------+----------------------------------------------------------------
           FTAI |   -.019966   .0095808    -2.08   0.038    -.0388064   -.0011256
                |
           year |
          2002  |  -.0334362   .0121127    -2.76   0.006    -.0572555   -.0096169
          2003  |   .0716294   .0151947     4.71   0.000     .0417496    .1015093
          2004  |   .0507362   .0182511     2.78   0.006     .0148461    .0866263
          2005  |   .0864572   .0254077     3.40   0.001     .0364937    .1364206
          2006  |   .1132882   .0261157     4.34   0.000     .0619325    .1646438
          2007  |   .0366083   .0105442     3.47   0.001     .0158736     .057343
          2008  |  -.0497505   .0281282    -1.77   0.078    -.1050637    .0055626
          2009  |  -.0040472   .0160105    -0.25   0.801    -.0355313     .027437
          2010  |  -.0056548    .014438    -0.39   0.696    -.0340466    .0227371
          2011  |  -.0174385   .0233655    -0.75   0.456    -.0633859     .028509
          2012  |  -.0319394   .0166045    -1.92   0.055    -.0645916    .0007128
          2013  |   .1146244   .0263332     4.35   0.000      .062841    .1664078
          2014  |   .0539262   .0265976     2.03   0.043     .0016229    .1062295
          2015  |   .0860136   .0269073     3.20   0.002     .0331012     .138926
          2016  |   .0252961   .0221395     1.14   0.254    -.0182406    .0688327
          2017  |  -.0164592   .0314383    -0.52   0.601    -.0782815     .045363
          2018  |    .037508   .0173065     2.17   0.031     .0034753    .0715407
          2019  |   .0956018   .0213088     4.49   0.000     .0536986    .1375049
                |
          bin_1 |     .88425   .2378285     3.72   0.000     .4165682    1.351932
          bin_2 |   .5195294   .1899188     2.74   0.007     .1460604    .8929983
          bin_3 |   .0886024   .0756694     1.17   0.242    -.0601989    .2374037
          bin_4 |          0  (omitted)
lclim_rain_au~n |  -.4180713   .2341441    -1.79   0.075    -.8785079    .0423654
lclim_rain_wi~r |   .0921403   .0347734     2.65   0.008     .0237596     .160521
lclim_rain_sp~g |  -.0658666   .0133827    -4.92   0.000    -.0921832     -.03955
lclim_rain_su~r |  -.0928121   .0409404    -2.27   0.024    -.1733201   -.0123041
         SDrain |  -.0003575   .0001827    -1.96   0.051    -.0007168    1.67e-06
lag_lclim_r~mer |   .0760406   .0355793     2.14   0.033     .0060752     .146006
lag_lclim_rai~n |   .3232944    .232896     1.39   0.166    -.1346878    .7812766
lag_lclim_r~ter |    .079855   .0468886     1.70   0.089    -.0123499    .1720598
lag_lclim_rai~g |  -.0000128   .0101103    -0.00   0.999    -.0198943    .0198687
          _cons |  -.6252149   .3883439    -1.61   0.108     -1.38888    .1384503
----------------+----------------------------------------------------------------
        sigma_u |  .24740156
        sigma_e |  .10382382
            rho |  .85025911   (fraction of variance due to u_i)
---------------------------------------------------------------------------------

added scalar:
           e(clusters) =  367

added scalar:
              e(plots) =  1577

    Variable |        Obs        Mean    Std. dev.       Min        Max
-------------+---------------------------------------------------------
  plantation |     29,963    .1498073    .2545519          0          1

added scalar:
        e(mean_depvar) =  .14980728

. esttab twfeclim2_* using "results/TWFE_appendixA8_C.tex", $esttab_options scalar
> s(mean_depvar clusters plots)  replace keep(FTAI*) se b(%9.3f) se(%9.3f)
(file results/TWFE_appendixA8_C.tex not found)
(output written to results/TWFE_appendixA8_C.tex)

. 
. 
. ***Panel D
. 
. estimates clear

. foreach var in grass crop natural plantation{  
  2.         qui: xthdidregress aipw (`var'  bin_* lclim_rain_*  SDrain lag*) (FTA
> I), group(objectid) vce(cluster community_ID) controlgroup(notyet)
  3.         
.         estat aggregation
  4.         estadd matrix b_a2= r(table)["b", 1 ...]
  5.         estadd matrix se_a2 = r(table)["se", 1 ...]
  6.         estadd matrix p_a2= r(table)["pvalue", 1 ...]
  7.         esttab using "results/CS_appendixA8_D.tex", $esttab_options cells(b_a
> 2(fmt(3) star pval(p_a2)) se_a2(fmt(3) par)) ///
>         eqlab(none) mlab(`var', lhs(Cohort)) collab(none) nonumb   append
  8.     clear matrix
  9. }

Overall ATET                                            Number of obs = 29,963

                         (Std. err. adjusted for 367 clusters in community_ID)
------------------------------------------------------------------------------
             |               Robust
       grass |       ATET   std. err.      z    P>|z|     [95% conf. interval]
-------------+----------------------------------------------------------------
        FTAI |
   (1 vs 0)  |   .0203712   .0088908     2.29   0.022     .0029457    .0377968
------------------------------------------------------------------------------

added matrix:
               e(b_a2) :  1 x 1

added matrix:
              e(se_a2) :  1 x 1

added matrix:
               e(p_a2) :  1 x 1
(file results/CS_appendixA8_D.tex not found)
(output written to results/CS_appendixA8_D.tex)

Overall ATET                                            Number of obs = 29,963

                         (Std. err. adjusted for 367 clusters in community_ID)
------------------------------------------------------------------------------
             |               Robust
        crop |       ATET   std. err.      z    P>|z|     [95% conf. interval]
-------------+----------------------------------------------------------------
        FTAI |
   (1 vs 0)  |  -.0035929   .0104039    -0.35   0.730    -.0239842    .0167984
------------------------------------------------------------------------------

added matrix:
               e(b_a2) :  1 x 1

added matrix:
              e(se_a2) :  1 x 1

added matrix:
               e(p_a2) :  1 x 1
(output written to results/CS_appendixA8_D.tex)

Overall ATET                                            Number of obs = 29,963

                         (Std. err. adjusted for 367 clusters in community_ID)
------------------------------------------------------------------------------
             |               Robust
     natural |       ATET   std. err.      z    P>|z|     [95% conf. interval]
-------------+----------------------------------------------------------------
        FTAI |
   (1 vs 0)  |   .0026046   .0043388     0.60   0.548    -.0058994    .0111086
------------------------------------------------------------------------------

added matrix:
               e(b_a2) :  1 x 1

added matrix:
              e(se_a2) :  1 x 1

added matrix:
               e(p_a2) :  1 x 1
(output written to results/CS_appendixA8_D.tex)

Overall ATET                                            Number of obs = 29,963

                         (Std. err. adjusted for 367 clusters in community_ID)
------------------------------------------------------------------------------
             |               Robust
  plantation |       ATET   std. err.      z    P>|z|     [95% conf. interval]
-------------+----------------------------------------------------------------
        FTAI |
   (1 vs 0)  |  -.0287851   .0095359    -3.02   0.003    -.0474751    -.010095
------------------------------------------------------------------------------

added matrix:
               e(b_a2) :  1 x 1

added matrix:
              e(se_a2) :  1 x 1

added matrix:
               e(p_a2) :  1 x 1
(output written to results/CS_appendixA8_D.tex)

. 
. 
. ***Panel E
. gen ldist_capital = log(distance_capital)

. gen ldist_ruta5   = log(distance_ruta5)

. estimates clear

. foreach var in grass crop natural plantation{  
  2.         qui: xthdidregress aipw (`var' lclim_* wheaty ldist_capital ldist_rut
> a5) (FTAI), group(objectid) vce(cluster community_ID) controlgroup(notyet)
  3.         
.         estat aggregation
  4.         estadd matrix b_a2= r(table)["b", 1 ...]
  5.         estadd matrix se_a2 = r(table)["se", 1 ...]
  6.         estadd matrix p_a2= r(table)["pvalue", 1 ...]
  7.         esttab using "results/CS_appendixA8_E.tex", $esttab_options cells(b_a
> 2(fmt(3) star pval(p_a2)) se_a2(fmt(3) par)) ///
>         eqlab(none) mlab(`var', lhs(Cohort)) collab(none) nonumb   append
  8.     clear matrix
  9. }

Overall ATET                                            Number of obs = 29,811

                         (Std. err. adjusted for 364 clusters in community_ID)
------------------------------------------------------------------------------
             |               Robust
       grass |       ATET   std. err.      z    P>|z|     [95% conf. interval]
-------------+----------------------------------------------------------------
        FTAI |
   (1 vs 0)  |   .0194226   .0087063     2.23   0.026     .0023587    .0364866
------------------------------------------------------------------------------

added matrix:
               e(b_a2) :  1 x 1

added matrix:
              e(se_a2) :  1 x 1

added matrix:
               e(p_a2) :  1 x 1
(file results/CS_appendixA8_E.tex not found)
(output written to results/CS_appendixA8_E.tex)

Overall ATET                                            Number of obs = 29,811

                         (Std. err. adjusted for 364 clusters in community_ID)
------------------------------------------------------------------------------
             |               Robust
        crop |       ATET   std. err.      z    P>|z|     [95% conf. interval]
-------------+----------------------------------------------------------------
        FTAI |
   (1 vs 0)  |   .0067444   .0125042     0.54   0.590    -.0177634    .0312521
------------------------------------------------------------------------------

added matrix:
               e(b_a2) :  1 x 1

added matrix:
              e(se_a2) :  1 x 1

added matrix:
               e(p_a2) :  1 x 1
(output written to results/CS_appendixA8_E.tex)

Overall ATET                                            Number of obs = 29,811

                         (Std. err. adjusted for 364 clusters in community_ID)
------------------------------------------------------------------------------
             |               Robust
     natural |       ATET   std. err.      z    P>|z|     [95% conf. interval]
-------------+----------------------------------------------------------------
        FTAI |
   (1 vs 0)  |  -.0016779   .0044547    -0.38   0.706    -.0104089    .0070532
------------------------------------------------------------------------------

added matrix:
               e(b_a2) :  1 x 1

added matrix:
              e(se_a2) :  1 x 1

added matrix:
               e(p_a2) :  1 x 1
(output written to results/CS_appendixA8_E.tex)

Overall ATET                                            Number of obs = 29,811

                         (Std. err. adjusted for 364 clusters in community_ID)
------------------------------------------------------------------------------
             |               Robust
  plantation |       ATET   std. err.      z    P>|z|     [95% conf. interval]
-------------+----------------------------------------------------------------
        FTAI |
   (1 vs 0)  |  -.0311093   .0113308    -2.75   0.006    -.0533172   -.0089014
------------------------------------------------------------------------------

added matrix:
               e(b_a2) :  1 x 1

added matrix:
              e(se_a2) :  1 x 1

added matrix:
               e(p_a2) :  1 x 1
(output written to results/CS_appendixA8_E.tex)

. 
. 
. ***********************************************************
. *** Table A9: Results using original data sources
. ***********************************************************
. 
. estimates clear

. foreach var of varlist forest_all plantation_mapbiomas natural_mapbiomas mosaic_
> mapbiomas{
  2. qui: xthdidregress aipw (`var' lclim_*) (FTAI), group(objectid) vce(cluster c
> ommunity_ID) controlgroup(notyet)
  3. 
.         *AGGREGATED RESULTS 
.         estat aggregation
  4.         estadd matrix b_a= r(table)["b", 1 ...]
  5.         estadd matrix se_a = r(table)["se", 1 ...]
  6.         estadd matrix p_a= r(table)["pvalue", 1 ...] 
  7.         esttab using "results/CS_appendixA9.tex", $esttab_options cells(b_a(f
> mt(3) star pval(p_a)) se_a(fmt(3) par)) ///
>         eqlab(none) mlab(`var', lhs(Cohort)) varlabels(r1vs0.FTAI"11") collab(no
> ne) nonumb append 
  8.         clear matrix
  9. }

Overall ATET                                            Number of obs = 29,963

                         (Std. err. adjusted for 367 clusters in community_ID)
------------------------------------------------------------------------------
             |               Robust
  forest_all |       ATET   std. err.      z    P>|z|     [95% conf. interval]
-------------+----------------------------------------------------------------
        FTAI |
   (1 vs 0)  |  -.0192589   .0099318    -1.94   0.052     -.038725    .0002071
------------------------------------------------------------------------------

added matrix:
                e(b_a) :  1 x 1

added matrix:
               e(se_a) :  1 x 1

added matrix:
                e(p_a) :  1 x 1
(file results/CS_appendixA9.tex not found)
(output written to results/CS_appendixA9.tex)

Overall ATET                                            Number of obs = 29,963

                         (Std. err. adjusted for 367 clusters in community_ID)
------------------------------------------------------------------------------
             |               Robust
plantation~s |       ATET   std. err.      z    P>|z|     [95% conf. interval]
-------------+----------------------------------------------------------------
        FTAI |
   (1 vs 0)  |  -.0313645   .0111609    -2.81   0.005    -.0532395   -.0094894
------------------------------------------------------------------------------

added matrix:
                e(b_a) :  1 x 1

added matrix:
               e(se_a) :  1 x 1

added matrix:
                e(p_a) :  1 x 1
(output written to results/CS_appendixA9.tex)

Overall ATET                                            Number of obs = 29,963

                         (Std. err. adjusted for 367 clusters in community_ID)
------------------------------------------------------------------------------
             |               Robust
natural_ma~s |       ATET   std. err.      z    P>|z|     [95% conf. interval]
-------------+----------------------------------------------------------------
        FTAI |
   (1 vs 0)  |   .0031113   .0049965     0.62   0.533    -.0066816    .0129042
------------------------------------------------------------------------------

added matrix:
                e(b_a) :  1 x 1

added matrix:
               e(se_a) :  1 x 1

added matrix:
                e(p_a) :  1 x 1
(output written to results/CS_appendixA9.tex)

Overall ATET                                            Number of obs = 29,963

                         (Std. err. adjusted for 367 clusters in community_ID)
------------------------------------------------------------------------------
             |               Robust
mosaic_map~s |       ATET   std. err.      z    P>|z|     [95% conf. interval]
-------------+----------------------------------------------------------------
        FTAI |
   (1 vs 0)  |   .0289159   .0100016     2.89   0.004     .0093132    .0485186
------------------------------------------------------------------------------

added matrix:
                e(b_a) :  1 x 1

added matrix:
               e(se_a) :  1 x 1

added matrix:
                e(p_a) :  1 x 1
(output written to results/CS_appendixA9.tex)

. 
. foreach var of varlist forest_all plantation_mapbiomas natural_mapbiomas mosaic_
> mapbiomas{
  2.         xtreg `var' FTAI i.year lclim_*, fe vce(cluster community_ID)
  3.         estadd scalar clusters= e(N_clust)
  4.         estadd scalar plots= e(N_g)
  5.         sum `var' if e(sample)
  6.         estadd scalar mean_depvar= r(mean)
  7.         est sto twfeA9_`var'
  8. }

Fixed-effects (within) regression               Number of obs     =     29,963
Group variable: objectid                        Number of groups  =      1,577

R-squared:                                      Obs per group:
     Within  = 0.0590                                         min =         19
     Between = 0.1954                                         avg =       19.0
     Overall = 0.1388                                         max =         19

                                                F(25, 366)        =       6.17
corr(u_i, Xb) = 0.2997                          Prob > F          =     0.0000

                            (Std. err. adjusted for 367 clusters in community_ID)
---------------------------------------------------------------------------------
                |               Robust
     forest_all | Coefficient  std. err.      t    P>|t|     [95% conf. interval]
----------------+----------------------------------------------------------------
           FTAI |  -.0205247   .0088089    -2.33   0.020    -.0378471   -.0032023
                |
           year |
          2002  |  -.0075555   .0083726    -0.90   0.367    -.0240199    .0089089
          2003  |   .0112464    .010452     1.08   0.283    -.0093071    .0317999
          2004  |   .0153394   .0075099     2.04   0.042     .0005715    .0301073
          2005  |   .0264429   .0112921     2.34   0.020     .0042374    .0486484
          2006  |   .0336655   .0113879     2.96   0.003     .0112715    .0560594
          2007  |   .0322946   .0094539     3.42   0.001     .0137039    .0508853
          2008  |   .0126402   .0066323     1.91   0.057    -.0004021    .0256824
          2009  |   .0445607   .0160773     2.77   0.006     .0129453    .0761761
          2010  |   .0734901   .0200908     3.66   0.000     .0339821     .112998
          2011  |   .0247863   .0140786     1.76   0.079    -.0028987    .0524714
          2012  |   .0403429   .0128137     3.15   0.002     .0151452    .0655406
          2013  |    .068798   .0188003     3.66   0.000     .0318278    .1057683
          2014  |    .057632    .015438     3.73   0.000     .0272737    .0879904
          2015  |   .0600538   .0172235     3.49   0.001     .0261843    .0939234
          2016  |   .0972096   .0250575     3.88   0.000     .0479349    .1464844
          2017  |    .063534   .0208917     3.04   0.003     .0224511    .1046169
          2018  |   .0707876   .0191246     3.70   0.000     .0331797    .1083954
          2019  |   .0625915   .0147982     4.23   0.000     .0334914    .0916916
                |
lclim_Temp_wi~r |  -.0709006   .0594099    -1.19   0.233    -.1877283     .045927
lclim_Temp_su~r |  -.2808832   .2098695    -1.34   0.182    -.6935846    .1318182
lclim_rain_au~n |  -.0262762   .0142999    -1.84   0.067    -.0543966    .0018442
lclim_rain_wi~r |   .0070257   .0158816     0.44   0.658    -.0242049    .0382564
lclim_rain_sp~g |  -.0045024    .006991    -0.64   0.520    -.0182499    .0092452
lclim_rain_su~r |   .0093977    .002944     3.19   0.002     .0036085    .0151869
          _cons |   1.545295   .6524227     2.37   0.018     .2623275    2.828263
----------------+----------------------------------------------------------------
        sigma_u |  .32294336
        sigma_e |  .07758823
            rho |  .94542829   (fraction of variance due to u_i)
---------------------------------------------------------------------------------

added scalar:
           e(clusters) =  367

added scalar:
              e(plots) =  1577

    Variable |        Obs        Mean    Std. dev.       Min        Max
-------------+---------------------------------------------------------
  forest_all |     29,963    .4236508    .3417299          0          1

added scalar:
        e(mean_depvar) =  .42365079

Fixed-effects (within) regression               Number of obs     =     29,963
Group variable: objectid                        Number of groups  =      1,577

R-squared:                                      Obs per group:
     Within  = 0.0450                                         min =         19
     Between = 0.0768                                         avg =       19.0
     Overall = 0.0704                                         max =         19

                                                F(25, 366)        =      15.03
corr(u_i, Xb) = -0.0230                         Prob > F          =     0.0000

                            (Std. err. adjusted for 367 clusters in community_ID)
---------------------------------------------------------------------------------
                |               Robust
plantation_ma~s | Coefficient  std. err.      t    P>|t|     [95% conf. interval]
----------------+----------------------------------------------------------------
           FTAI |  -.0170539   .0097447    -1.75   0.081    -.0362165    .0021087
                |
           year |
          2002  |  -.0770126   .0165746    -4.65   0.000     -.109606   -.0444192
          2003  |   .1158683   .0162918     7.11   0.000     .0838311    .1479055
          2004  |   .0785307   .0143312     5.48   0.000     .0503489    .1067125
          2005  |   .0981625   .0168393     5.83   0.000     .0650487    .1312763
          2006  |   .1005128   .0176319     5.70   0.000     .0658402    .1351854
          2007  |   .0651422    .010599     6.15   0.000     .0442997    .0859848
          2008  |  -.0276893   .0158434    -1.75   0.081    -.0588447    .0034662
          2009  |  -.0266718   .0261088    -1.02   0.308     -.078014    .0246703
          2010  |   .1110485   .0381292     2.91   0.004     .0360688    .1860282
          2011  |  -.0315233   .0227113    -1.39   0.166    -.0761843    .0131376
          2012  |   -.055709   .0164533    -3.39   0.001    -.0880638   -.0233542
          2013  |   .1611197   .0377879     4.26   0.000      .086811    .2354284
          2014  |   .0384283   .0224038     1.72   0.087     -.005628    .0824845
          2015  |   .0377616   .0218612     1.73   0.085    -.0052278     .080751
          2016  |   .0686171   .0351884     1.95   0.052    -.0005798     .137814
          2017  |   .0965515   .0314426     3.07   0.002     .0347207    .1583822
          2018  |   .0900716   .0318771     2.83   0.005     .0273865    .1527568
          2019  |   .0951922   .0200641     4.74   0.000     .0557367    .1346476
                |
lclim_Temp_wi~r |  -.2337221   .0889941    -2.63   0.009     -.408726   -.0587183
lclim_Temp_su~r |  -.9042396   .4129329    -2.19   0.029    -1.716258   -.0922207
lclim_rain_au~n |   -.040421   .0273673    -1.48   0.141    -.0942379     .013396
lclim_rain_wi~r |   .1022687   .0290963     3.51   0.000     .0450517    .1594857
lclim_rain_sp~g |  -.0974203   .0160554    -6.07   0.000    -.1289928   -.0658478
lclim_rain_su~r |  -.0042286   .0059458    -0.71   0.477    -.0159208    .0074636
          _cons |   3.717776   1.362712     2.73   0.007     1.038048    6.397503
----------------+----------------------------------------------------------------
        sigma_u |  .23740743
        sigma_e |  .12331475
            rho |   .7875258   (fraction of variance due to u_i)
---------------------------------------------------------------------------------

added scalar:
           e(clusters) =  367

added scalar:
              e(plots) =  1577

    Variable |        Obs        Mean    Std. dev.       Min        Max
-------------+---------------------------------------------------------
plantation~s |     29,963    .1931862    .2757712          0          1

added scalar:
        e(mean_depvar) =  .19318619

Fixed-effects (within) regression               Number of obs     =     29,963
Group variable: objectid                        Number of groups  =      1,577

R-squared:                                      Obs per group:
     Within  = 0.0441                                         min =         19
     Between = 0.1102                                         avg =       19.0
     Overall = 0.0573                                         max =         19

                                                F(25, 366)        =      16.59
corr(u_i, Xb) = -0.3814                         Prob > F          =     0.0000

                            (Std. err. adjusted for 367 clusters in community_ID)
---------------------------------------------------------------------------------
                |               Robust
natural_mapbi~s | Coefficient  std. err.      t    P>|t|     [95% conf. interval]
----------------+----------------------------------------------------------------
           FTAI |  -.0028068   .0063572    -0.44   0.659    -.0153081    .0096945
                |
           year |
          2002  |    .019544   .0084183     2.32   0.021     .0029897    .0360982
          2003  |  -.0821562   .0124527    -6.60   0.000     -.106644   -.0576684
          2004  |   -.050903   .0095786    -5.31   0.000     -.069739   -.0320671
          2005  |  -.0527012   .0120674    -4.37   0.000    -.0764314    -.028971
          2006  |  -.0642732   .0113092    -5.68   0.000    -.0865123   -.0420341
          2007  |  -.0344738   .0068757    -5.01   0.000    -.0479946   -.0209531
          2008  |   .0044591   .0106035     0.42   0.674    -.0163924    .0253106
          2009  |   .0047132   .0174824     0.27   0.788    -.0296653    .0390918
          2010  |  -.0554657   .0227949    -2.43   0.015    -.1002912   -.0106403
          2011  |  -.0065082   .0119789    -0.54   0.587    -.0300643    .0170479
          2012  |  -.0003982   .0097042    -0.04   0.967    -.0194812    .0186849
          2013  |  -.0935294   .0251025    -3.73   0.000    -.1428926   -.0441663
          2014  |  -.0167906   .0178494    -0.94   0.347    -.0518908    .0183096
          2015  |  -.0270594   .0153819    -1.76   0.079    -.0573075    .0031887
          2016  |   .0024527    .022557     0.11   0.913    -.0419048    .0468102
          2017  |  -.0323799   .0251548    -1.29   0.199     -.081846    .0170863
          2018  |  -.0400701   .0199165    -2.01   0.045    -.0792352    -.000905
          2019  |  -.0489946   .0135735    -3.61   0.000    -.0756865   -.0223027
                |
lclim_Temp_wi~r |   .1234089   .0710472     1.74   0.083    -.0163032    .2631209
lclim_Temp_su~r |   .3780615    .225343     1.68   0.094     -.065068    .8211909
lclim_rain_au~n |   .0303855   .0160344     1.90   0.059    -.0011457    .0619166
lclim_rain_wi~r |  -.0643477   .0223582    -2.88   0.004    -.1083144    -.020381
lclim_rain_sp~g |   .0405433    .009629     4.21   0.000     .0216083    .0594784
lclim_rain_su~r |   .0209325   .0047541     4.40   0.000     .0115837    .0302812
          _cons |  -1.313187     .80246    -1.64   0.103    -2.891198     .264824
----------------+----------------------------------------------------------------
        sigma_u |   .2544434
        sigma_e |  .08399104
            rho |  .90174242   (fraction of variance due to u_i)
---------------------------------------------------------------------------------

added scalar:
           e(clusters) =  367

added scalar:
              e(plots) =  1577

    Variable |        Obs        Mean    Std. dev.       Min        Max
-------------+---------------------------------------------------------
natural_ma~s |     29,963    .2426852    .2563907          0          1

added scalar:
        e(mean_depvar) =  .24268525

Fixed-effects (within) regression               Number of obs     =     29,963
Group variable: objectid                        Number of groups  =      1,577

R-squared:                                      Obs per group:
     Within  = 0.0270                                         min =         19
     Between = 0.2244                                         avg =       19.0
     Overall = 0.1861                                         max =         19

                                                F(25, 366)        =      14.33
corr(u_i, Xb) = 0.3405                          Prob > F          =     0.0000

                            (Std. err. adjusted for 367 clusters in community_ID)
---------------------------------------------------------------------------------
                |               Robust
mosaic_mapbio~s | Coefficient  std. err.      t    P>|t|     [95% conf. interval]
----------------+----------------------------------------------------------------
           FTAI |   .0139644   .0089672     1.56   0.120    -.0036693     .031598
                |
           year |
          2002  |   .0611645   .0120405     5.08   0.000     .0374872    .0848418
          2003  |  -.0348364   .0146228    -2.38   0.018    -.0635917   -.0060812
          2004  |  -.0178238   .0132861    -1.34   0.181    -.0439504    .0083027
          2005  |  -.0335346   .0128744    -2.60   0.010    -.0588516   -.0082175
          2006  |  -.0352198   .0097118    -3.63   0.000    -.0543178   -.0161218
          2007  |  -.0329393   .0109488    -3.01   0.003    -.0544697   -.0114089
          2008  |   .0075816   .0109853     0.69   0.491    -.0140207    .0291838
          2009  |   .0214577   .0159238     1.35   0.179    -.0098559    .0527713
          2010  |  -.0529224   .0217148    -2.44   0.015    -.0956238   -.0102209
          2011  |   .0351878   .0167325     2.10   0.036     .0022839    .0680916
          2012  |   .0515854   .0142127     3.63   0.000     .0236366    .0795342
          2013  |  -.0755993   .0200391    -3.77   0.000    -.1150056    -.036193
          2014  |  -.0270894   .0146768    -1.85   0.066    -.0559509     .001772
          2015  |  -.0071096   .0164598    -0.43   0.666    -.0394772    .0252581
          2016  |   -.060595   .0253197    -2.39   0.017    -.1103854   -.0108046
          2017  |  -.0597763   .0228929    -2.61   0.009    -.1047945   -.0147581
          2018  |  -.0472418   .0192556    -2.45   0.015    -.0851072   -.0093763
          2019  |  -.0441792   .0159035    -2.78   0.006    -.0754529   -.0129054
                |
lclim_Temp_wi~r |   .0402118   .0865513     0.46   0.642    -.1299885    .2104121
lclim_Temp_su~r |   .5150638   .2275205     2.26   0.024     .0676523    .9624754
lclim_rain_au~n |   .0084083   .0154255     0.55   0.586    -.0219254     .038742
lclim_rain_wi~r |  -.0398925   .0186896    -2.13   0.033     -.076645   -.0031401
lclim_rain_sp~g |    .057595   .0134087     4.30   0.000     .0312273    .0839628
lclim_rain_su~r |  -.0138632   .0053614    -2.59   0.010    -.0244061   -.0033203
          _cons |  -1.210932   .7193669    -1.68   0.093    -2.625543    .2036788
----------------+----------------------------------------------------------------
        sigma_u |  .32159303
        sigma_e |  .11233088
            rho |  .89125996   (fraction of variance due to u_i)
---------------------------------------------------------------------------------

added scalar:
           e(clusters) =  367

added scalar:
              e(plots) =  1577

    Variable |        Obs        Mean    Std. dev.       Min        Max
-------------+---------------------------------------------------------
mosaic_map~s |     29,963    .5258074    .3562871          0          1

added scalar:
        e(mean_depvar) =  .52580742

. 
. esttab twfeA9_* using "results/TWFE_appendixA9.tex", $esttab_options scalars(mea
> n_depvar clusters plots)  replace keep(FTAI*) se b(%9.3f) se(%9.3f)
(file results/TWFE_appendixA9.tex not found)
(output written to results/TWFE_appendixA9.tex)

. 
. 
. ***********************************************************
. *** Table A10: Short-term effects: TWFE only for t+5
. ***********************************************************
. 
. ***Panel A 
. 
. gen sample_t5=0

. replace sample_t5=1 if t<=5
(24,364 real changes made)

. replace sample_t5=1 if T_year>2019
(1,387 real changes made)

. 
. estimates clear

. foreach var of varlist grass crop natural plantation{
  2. xtreg `var'  FTAI  i.year lclim_* if sample_t5==1, fe vce(cluster community_I
> D)
  3. estadd scalar clusters= e(N_clust)
  4. estadd scalar plots= e(N_g)
  5. sum `var' if e(sample)
  6. estadd scalar mean_depvar= r(mean)
  7. est sto twfe_t5_`var'
  8. }

Fixed-effects (within) regression               Number of obs     =     25,751
Group variable: objectid                        Number of groups  =      1,577

R-squared:                                      Obs per group:
     Within  = 0.0637                                         min =          7
     Between = 0.1072                                         avg =       16.3
     Overall = 0.0881                                         max =         19

                                                F(25, 366)        =       4.84
corr(u_i, Xb) = 0.2006                          Prob > F          =     0.0000

                            (Std. err. adjusted for 367 clusters in community_ID)
---------------------------------------------------------------------------------
                |               Robust
          grass | Coefficient  std. err.      t    P>|t|     [95% conf. interval]
----------------+----------------------------------------------------------------
           FTAI |   .0271234   .0092572     2.93   0.004     .0089193    .0453274
                |
           year |
          2002  |   .0150765   .0098433     1.53   0.126      -.00428     .034433
          2003  |  -.0196089   .0098686    -1.99   0.048    -.0390153   -.0002026
          2004  |  -.0132695   .0136719    -0.97   0.332    -.0401548    .0136158
          2005  |  -.0282421   .0134285    -2.10   0.036    -.0546487   -.0018355
          2006  |  -.0308079   .0138975    -2.22   0.027    -.0581369   -.0034789
          2007  |  -.0267639   .0112637    -2.38   0.018    -.0489135   -.0046143
          2008  |  -.0001904   .0122419    -0.02   0.988    -.0242638     .023883
          2009  |  -.0328654   .0188503    -1.74   0.082    -.0699339    .0042031
          2010  |  -.0685913   .0225012    -3.05   0.002    -.1128391   -.0243436
          2011  |  -.0110029   .0179048    -0.61   0.539    -.0462121    .0242063
          2012  |  -.0220756   .0134218    -1.64   0.101    -.0484691    .0043178
          2013  |  -.0713565   .0229949    -3.10   0.002    -.1165751   -.0261378
          2014  |  -.0555425   .0197036    -2.82   0.005     -.094289   -.0167961
          2015  |  -.0714656   .0171225    -4.17   0.000    -.1051364   -.0377948
          2016  |  -.1105153   .0331644    -3.33   0.001    -.1757321   -.0452986
          2017  |  -.0794808   .0346588    -2.29   0.022    -.1476362   -.0113254
          2018  |  -.0967812   .0256149    -3.78   0.000    -.1471521   -.0464104
          2019  |  -.0920224     .02447    -3.76   0.000    -.1401418   -.0439029
                |
lclim_Temp_wi~r |   .0540249   .0787524     0.69   0.493     -.100839    .2088889
lclim_Temp_su~r |   .3199023   .2142189     1.49   0.136    -.1013521    .7411567
lclim_rain_au~n |   .0342303   .0219894     1.56   0.120    -.0090111    .0774716
lclim_rain_wi~r |  -.0102714    .021458    -0.48   0.632    -.0524679    .0319251
lclim_rain_sp~g |   .0148015   .0087261     1.70   0.091     -.002358    .0319611
lclim_rain_su~r |  -.0076809   .0064362    -1.19   0.233    -.0203375    .0049757
          _cons |  -.8155686    .702067    -1.16   0.246     -2.19616    .5650229
----------------+----------------------------------------------------------------
        sigma_u |  .30081386
        sigma_e |   .0857394
            rho |  .92486481   (fraction of variance due to u_i)
---------------------------------------------------------------------------------

added scalar:
           e(clusters) =  367

added scalar:
              e(plots) =  1577

    Variable |        Obs        Mean    Std. dev.       Min        Max
-------------+---------------------------------------------------------
       grass |     25,751    .4596005    .3207655          0          1

added scalar:
        e(mean_depvar) =  .4596005

Fixed-effects (within) regression               Number of obs     =     25,751
Group variable: objectid                        Number of groups  =      1,577

R-squared:                                      Obs per group:
     Within  = 0.0108                                         min =          7
     Between = 0.0038                                         avg =       16.3
     Overall = 0.0030                                         max =         19

                                                F(25, 366)        =       4.72
corr(u_i, Xb) = 0.0120                          Prob > F          =     0.0000

                            (Std. err. adjusted for 367 clusters in community_ID)
---------------------------------------------------------------------------------
                |               Robust
           crop | Coefficient  std. err.      t    P>|t|     [95% conf. interval]
----------------+----------------------------------------------------------------
           FTAI |  -.0033484   .0134051    -0.25   0.803    -.0297091    .0230123
                |
           year |
          2002  |  -.0025303   .0086513    -0.29   0.770    -.0195427    .0144822
          2003  |   .0141839   .0100212     1.42   0.158    -.0055225    .0338903
          2004  |   .0010238   .0117471     0.09   0.931    -.0220764    .0241241
          2005  |   .0062346   .0083744     0.74   0.457    -.0102333    .0227025
          2006  |  -.0003794   .0080991    -0.05   0.963    -.0163061    .0155473
          2007  |   .0010623   .0108134     0.10   0.922    -.0202018    .0223264
          2008  |  -.0107378   .0126176    -0.85   0.395    -.0355498    .0140743
          2009  |  -.0056228   .0145689    -0.39   0.700     -.034272    .0230264
          2010  |  -.0012069    .010957    -0.11   0.912    -.0227534    .0203396
          2011  |  -.0128231   .0211779    -0.61   0.545    -.0544686    .0288225
          2012  |  -.0191845   .0188541    -1.02   0.310    -.0562603    .0178914
          2013  |  -.0032989     .01599    -0.21   0.837    -.0347428     .028145
          2014  |  -.0075852   .0224339    -0.34   0.735    -.0517006    .0365303
          2015  |   .0083142   .0230355     0.36   0.718    -.0369843    .0536127
          2016  |   .0127847   .0335204     0.38   0.703    -.0531322    .0787015
          2017  |   .0152886    .035582     0.43   0.668    -.0546823    .0852595
          2018  |   .0193747    .023178     0.84   0.404     -.026204    .0649534
          2019  |   .0191341   .0269985     0.71   0.479    -.0339577    .0722258
                |
lclim_Temp_wi~r |   .0022514   .0654322     0.03   0.973    -.1264189    .1309216
lclim_Temp_su~r |  -.0476092   .1204739    -0.40   0.693    -.2845171    .1892986
lclim_rain_au~n |  -.0046444   .0213968    -0.22   0.828    -.0467204    .0374316
lclim_rain_wi~r |  -.0083915   .0233878    -0.36   0.720    -.0543829    .0375999
lclim_rain_sp~g |  -.0120627   .0079864    -1.51   0.132    -.0277677    .0036423
lclim_rain_su~r |  -.0016432   .0059613    -0.28   0.783    -.0133659    .0100794
          _cons |   .3722415   .3227306     1.15   0.249    -.2623974     1.00688
----------------+----------------------------------------------------------------
        sigma_u |  .21036472
        sigma_e |  .07092635
            rho |   .8979271   (fraction of variance due to u_i)
---------------------------------------------------------------------------------

added scalar:
           e(clusters) =  367

added scalar:
              e(plots) =  1577

    Variable |        Obs        Mean    Std. dev.       Min        Max
-------------+---------------------------------------------------------
        crop |     25,751    .1048069    .2185348          0          1

added scalar:
        e(mean_depvar) =  .10480692

Fixed-effects (within) regression               Number of obs     =     25,751
Group variable: objectid                        Number of groups  =      1,577

R-squared:                                      Obs per group:
     Within  = 0.0304                                         min =          7
     Between = 0.1153                                         avg =       16.3
     Overall = 0.0751                                         max =         19

                                                F(25, 366)        =       9.98
corr(u_i, Xb) = -0.4086                         Prob > F          =     0.0000

                            (Std. err. adjusted for 367 clusters in community_ID)
---------------------------------------------------------------------------------
                |               Robust
        natural | Coefficient  std. err.      t    P>|t|     [95% conf. interval]
----------------+----------------------------------------------------------------
           FTAI |   .0012576   .0058277     0.22   0.829    -.0102023    .0127175
                |
           year |
          2002  |   .0148896   .0079178     1.88   0.061    -.0006805    .0304596
          2003  |  -.0381402   .0098645    -3.87   0.000    -.0575384   -.0187419
          2004  |  -.0162109   .0085693    -1.89   0.059    -.0330623    .0006404
          2005  |  -.0276761   .0081163    -3.41   0.001    -.0436365   -.0117157
          2006  |  -.0382386   .0080594    -4.74   0.000    -.0540872     -.02239
          2007  |  -.0175094   .0045701    -3.83   0.000    -.0264964   -.0085224
          2008  |   .0225695   .0105172     2.15   0.033     .0018878    .0432512
          2009  |  -.0037059   .0128791    -0.29   0.774    -.0290323    .0216205
          2010  |  -.0314773   .0172857    -1.82   0.069    -.0654691    .0025144
          2011  |   .0208514    .012103     1.72   0.086    -.0029486    .0446515
          2012  |    .009135   .0088359     1.03   0.302    -.0082405    .0265104
          2013  |  -.0490459   .0198637    -2.47   0.014    -.0881071   -.0099846
          2014  |  -.0073936   .0147337    -0.50   0.616     -.036367    .0215797
          2015  |  -.0206504   .0131275    -1.57   0.117    -.0464651    .0051643
          2016  |    .003588   .0198156     0.18   0.856    -.0353788    .0425547
          2017  |  -.0013604   .0218448    -0.06   0.950    -.0443175    .0415967
          2018  |  -.0191784   .0168731    -1.14   0.256    -.0523588    .0140021
          2019  |  -.0177722    .011542    -1.54   0.124    -.0404692    .0049247
                |
lclim_Temp_wi~r |   .1141397   .0543654     2.10   0.036     .0072318    .2210475
lclim_Temp_su~r |   .4064348   .1894703     2.15   0.033     .0338478    .7790218
lclim_rain_au~n |   .0389237   .0152254     2.56   0.011     .0089834     .068864
lclim_rain_wi~r |  -.0334473   .0186172    -1.80   0.073    -.0700574    .0031627
lclim_rain_sp~g |   .0195495   .0083778     2.33   0.020     .0030748    .0360241
lclim_rain_su~r |   .0138325   .0046462     2.98   0.003      .004696    .0229691
          _cons |  -1.523613   .6702877    -2.27   0.024    -2.841712   -.2055148
----------------+----------------------------------------------------------------
        sigma_u |  .24457667
        sigma_e |  .06630374
            rho |  .93153843   (fraction of variance due to u_i)
---------------------------------------------------------------------------------

added scalar:
           e(clusters) =  367

added scalar:
              e(plots) =  1577

    Variable |        Obs        Mean    Std. dev.       Min        Max
-------------+---------------------------------------------------------
     natural |     25,751    .2055886    .2401663          0          1

added scalar:
        e(mean_depvar) =  .20558857

Fixed-effects (within) regression               Number of obs     =     25,751
Group variable: objectid                        Number of groups  =      1,577

R-squared:                                      Obs per group:
     Within  = 0.0615                                         min =          7
     Between = 0.1144                                         avg =       16.3
     Overall = 0.1148                                         max =         19

                                                F(25, 366)        =       7.54
corr(u_i, Xb) = 0.0915                          Prob > F          =     0.0000

                            (Std. err. adjusted for 367 clusters in community_ID)
---------------------------------------------------------------------------------
                |               Robust
     plantation | Coefficient  std. err.      t    P>|t|     [95% conf. interval]
----------------+----------------------------------------------------------------
           FTAI |   -.028376   .0113774    -2.49   0.013    -.0507493   -.0060027
                |
           year |
          2002  |  -.0489589   .0169289    -2.89   0.004     -.082249   -.0156688
          2003  |   .0693198    .014854     4.67   0.000     .0401099    .0985297
          2004  |   .0304138   .0147814     2.06   0.040     .0013467    .0594809
          2005  |   .0645802   .0167394     3.86   0.000     .0316627    .0974977
          2006  |   .0828247   .0191886     4.32   0.000     .0450909    .1205585
          2007  |   .0586042   .0101303     5.79   0.000     .0386832    .0785252
          2008  |  -.0276894   .0179751    -1.54   0.124    -.0630368     .007658
          2009  |   .0146471   .0271369     0.54   0.590    -.0387168     .068011
          2010  |   .1072979   .0415695     2.58   0.010     .0255529     .189043
          2011  |  -.0284684   .0281769    -1.01   0.313    -.0838774    .0269405
          2012  |  -.0328314   .0164155    -2.00   0.046    -.0651121   -.0005508
          2013  |   .1450814    .040887     3.55   0.000     .0646785    .2254843
          2014  |   .0560733   .0253561     2.21   0.028     .0062115    .1059352
          2015  |   .0711545   .0249429     2.85   0.005     .0221051    .1202039
          2016  |   .0862467   .0416866     2.07   0.039     .0042715    .1682219
          2017  |    .059723       .038     1.57   0.117    -.0150026    .1344487
          2018  |   .1037882   .0389449     2.67   0.008     .0272045     .180372
          2019  |   .1046574   .0252169     4.15   0.000     .0550692    .1542456
                |
lclim_Temp_wi~r |  -.1777817   .0714459    -2.49   0.013    -.3182777   -.0372856
lclim_Temp_su~r |  -.8202022   .4693724    -1.75   0.081    -1.743207    .1028029
lclim_rain_au~n |  -.0828368   .0333126    -2.49   0.013     -.148345   -.0173286
lclim_rain_wi~r |   .0705071   .0295954     2.38   0.018     .0123087    .1287054
lclim_rain_sp~g |  -.0556124   .0140208    -3.97   0.000    -.0831838    -.028041
lclim_rain_su~r |   -.006454   .0069625    -0.93   0.355    -.0201455    .0072375
          _cons |    3.48924   1.552427     2.25   0.025     .4364439    6.542036
----------------+----------------------------------------------------------------
        sigma_u |  .22156377
        sigma_e |  .10570236
            rho |  .81459771   (fraction of variance due to u_i)
---------------------------------------------------------------------------------

added scalar:
           e(clusters) =  367

added scalar:
              e(plots) =  1577

    Variable |        Obs        Mean    Std. dev.       Min        Max
-------------+---------------------------------------------------------
  plantation |     25,751    .1582722    .2641342          0          1

added scalar:
        e(mean_depvar) =  .15827223

. 
. esttab twfe_t5_* using "results/TWFE_appendixA10_A.tex", $esttab_options replace
>  scalars(mean_depvar clusters plots)  keep(FTAI) se b(%9.3f) se(%9.3f)
(file results/TWFE_appendixA10_A.tex not found)
(output written to results/TWFE_appendixA10_A.tex)

. 
. 
. ***Panel B
. bysort objectid:egen yy=max(t)
(1,387 missing values generated)

. gen sample_t5_balanced=0

. replace sample_t5_balanced=1 if t<=5
(24,364 real changes made)

. replace sample_t5_balanced=0 if yy<5
(11,210 real changes made)

. drop yy

. 
. estimates clear

. foreach var of varlist grass crop natural plantation{
  2. xtreg `var'  FTAI  i.year lclim_* if sample_t5_balanced==1, fe vce(cluster co
> mmunity_ID)
  3. estadd scalar clusters= e(N_clust)
  4. estadd scalar plots= e(N_g)
  5. sum `var' if e(sample)
  6. estadd scalar mean_depvar= r(mean)
  7. est sto twfe_t5b_`var'
  8. }

Fixed-effects (within) regression               Number of obs     =     13,154
Group variable: objectid                        Number of groups  =        914

R-squared:                                      Obs per group:
     Within  = 0.0254                                         min =          7
     Between = 0.0676                                         avg =       14.4
     Overall = 0.0597                                         max =         19

                                                F(25, 252)        =       3.10
corr(u_i, Xb) = 0.1810                          Prob > F          =     0.0000

                            (Std. err. adjusted for 253 clusters in community_ID)
---------------------------------------------------------------------------------
                |               Robust
          grass | Coefficient  std. err.      t    P>|t|     [95% conf. interval]
----------------+----------------------------------------------------------------
           FTAI |    .024857   .0072233     3.44   0.001     .0106313    .0390828
                |
           year |
          2002  |   .0004391   .0093918     0.05   0.963    -.0180574    .0189356
          2003  |  -.0070199   .0123675    -0.57   0.571    -.0313768     .017337
          2004  |   -.003603   .0142999    -0.25   0.801    -.0317656    .0245595
          2005  |  -.0130428   .0108346    -1.20   0.230    -.0343806     .008295
          2006  |  -.0153709   .0081935    -1.88   0.062    -.0315074    .0007655
          2007  |  -.0181396   .0107496    -1.69   0.093    -.0393101    .0030309
          2008  |   .0033671   .0145397     0.23   0.817    -.0252677    .0320018
          2009  |  -.0307418   .0198482    -1.55   0.123    -.0698313    .0083477
          2010  |  -.0428649   .0155381    -2.76   0.006    -.0734661   -.0122638
          2011  |  -.0030337   .0156491    -0.19   0.846    -.0338534    .0277861
          2012  |  -.0173458   .0153044    -1.13   0.258    -.0474866     .012795
          2013  |  -.0376242   .0185804    -2.02   0.044    -.0742169   -.0010315
          2014  |  -.0439061   .0193594    -2.27   0.024     -.082033   -.0057792
          2015  |   -.063373   .0198958    -3.19   0.002    -.1025562   -.0241898
          2016  |  -.0895443    .029457    -3.04   0.003    -.1475575   -.0315311
          2017  |  -.0626747   .0304737    -2.06   0.041    -.1226904    -.002659
          2018  |  -.0733727   .0199015    -3.69   0.000    -.1125671   -.0341783
          2019  |  -.0606022   .0217952    -2.78   0.006    -.1035261   -.0176782
                |
lclim_Temp_wi~r |   .0614685   .0677561     0.91   0.365     -.071972    .1949089
lclim_Temp_su~r |   .2322343   .1014792     2.29   0.023     .0323788    .4320898
lclim_rain_au~n |   .0249823   .0179588     1.39   0.165    -.0103861    .0603508
lclim_rain_wi~r |   .0125322   .0233353     0.54   0.592     -.033425    .0584893
lclim_rain_sp~g |   .0030538   .0113203     0.27   0.788    -.0192405    .0253482
lclim_rain_su~r |  -.0052871   .0074757    -0.71   0.480    -.0200099    .0094356
          _cons |  -.5654973   .4188205    -1.35   0.178    -1.390332    .2593372
----------------+----------------------------------------------------------------
        sigma_u |  .30445502
        sigma_e |  .07771572
            rho |  .93882736   (fraction of variance due to u_i)
---------------------------------------------------------------------------------

added scalar:
           e(clusters) =  253

added scalar:
              e(plots) =  914

    Variable |        Obs        Mean    Std. dev.       Min        Max
-------------+---------------------------------------------------------
       grass |     13,154    .5049348    .3196076          0          1

added scalar:
        e(mean_depvar) =  .50493484

Fixed-effects (within) regression               Number of obs     =     13,154
Group variable: objectid                        Number of groups  =        914

R-squared:                                      Obs per group:
     Within  = 0.0191                                         min =          7
     Between = 0.0000                                         avg =       14.4
     Overall = 0.0001                                         max =         19

                                                F(25, 252)        =       2.79
corr(u_i, Xb) = -0.0439                         Prob > F          =     0.0000

                            (Std. err. adjusted for 253 clusters in community_ID)
---------------------------------------------------------------------------------
                |               Robust
           crop | Coefficient  std. err.      t    P>|t|     [95% conf. interval]
----------------+----------------------------------------------------------------
           FTAI |  -.0120286   .0053285    -2.26   0.025    -.0225226   -.0015345
                |
           year |
          2002  |   .0086989    .006752     1.29   0.199    -.0045986    .0219963
          2003  |   .0044666   .0107562     0.42   0.678    -.0167169    .0256502
          2004  |  -.0058363   .0074605    -0.78   0.435    -.0205291    .0088565
          2005  |   .0012135   .0057966     0.21   0.834    -.0102024    .0126294
          2006  |   .0032354   .0062664     0.52   0.606    -.0091058    .0155767
          2007  |   .0074957   .0075458     0.99   0.321    -.0073651    .0223565
          2008  |  -.0102974   .0084366    -1.22   0.223    -.0269127     .006318
          2009  |   .0148065   .0130135     1.14   0.256    -.0108226    .0404356
          2010  |   .0037066   .0070248     0.53   0.598    -.0101281    .0175414
          2011  |  -.0171634   .0096142    -1.79   0.075    -.0360979    .0017712
          2012  |  -.0075315   .0096671    -0.78   0.437    -.0265701    .0115071
          2013  |  -.0131755   .0118267    -1.11   0.266    -.0364673    .0101163
          2014  |   .0004192   .0126985     0.03   0.974    -.0245896    .0254279
          2015  |    .026003   .0110389     2.36   0.019     .0042626    .0477433
          2016  |   .0337455   .0142253     2.37   0.018     .0057299    .0617611
          2017  |   .0185837   .0184266     1.01   0.314    -.0177061    .0548734
          2018  |   .0260004   .0113662     2.29   0.023     .0036156    .0483852
          2019  |   .0164941   .0169086     0.98   0.330    -.0168061    .0497943
                |
lclim_Temp_wi~r |  -.0156391   .0480359    -0.33   0.745    -.1102421    .0789639
lclim_Temp_su~r |   -.122141   .0667071    -1.83   0.068    -.2535156    .0092335
lclim_rain_au~n |  -.0154691   .0127127    -1.22   0.225    -.0405058    .0095676
lclim_rain_wi~r |  -.0320916   .0152583    -2.10   0.036    -.0621416   -.0020417
lclim_rain_sp~g |  -.0001336   .0101963    -0.01   0.990    -.0202144    .0199472
lclim_rain_su~r |  -.0000578   .0047908    -0.01   0.990    -.0094929    .0093773
          _cons |   .7728294   .2468076     3.13   0.002      .286761    1.258898
----------------+----------------------------------------------------------------
        sigma_u |  .21424298
        sigma_e |  .05191491
            rho |  .94453861   (fraction of variance due to u_i)
---------------------------------------------------------------------------------

added scalar:
           e(clusters) =  253

added scalar:
              e(plots) =  914

    Variable |        Obs        Mean    Std. dev.       Min        Max
-------------+---------------------------------------------------------
        crop |     13,154    .0985371    .2146685          0   .9882353

added scalar:
        e(mean_depvar) =  .0985371

Fixed-effects (within) regression               Number of obs     =     13,154
Group variable: objectid                        Number of groups  =        914

R-squared:                                      Obs per group:
     Within  = 0.0343                                         min =          7
     Between = 0.2518                                         avg =       14.4
     Overall = 0.1072                                         max =         19

                                                F(25, 252)        =       6.38
corr(u_i, Xb) = -0.3911                         Prob > F          =     0.0000

                            (Std. err. adjusted for 253 clusters in community_ID)
---------------------------------------------------------------------------------
                |               Robust
        natural | Coefficient  std. err.      t    P>|t|     [95% conf. interval]
----------------+----------------------------------------------------------------
           FTAI |  -.0026512   .0047428    -0.56   0.577    -.0119917    .0066893
                |
           year |
          2002  |   .0022038   .0085299     0.26   0.796    -.0145951    .0190027
          2003  |  -.0268519   .0125009    -2.15   0.033    -.0514715   -.0022323
          2004  |  -.0267827   .0129538    -2.07   0.040    -.0522942   -.0012711
          2005  |   -.025001   .0095758    -2.61   0.010    -.0438598   -.0061422
          2006  |  -.0377321   .0066997    -5.63   0.000    -.0509266   -.0245376
          2007  |  -.0221146   .0060324    -3.67   0.000    -.0339949   -.0102342
          2008  |   .0098989   .0161729     0.61   0.541    -.0219524    .0417502
          2009  |  -.0042114   .0165579    -0.25   0.799     -.036821    .0283982
          2010  |   -.009805   .0134682    -0.73   0.467    -.0363296    .0167196
          2011  |   .0007376   .0134024     0.06   0.956    -.0256574    .0271326
          2012  |  -.0023792   .0149647    -0.16   0.874    -.0318511    .0270927
          2013  |  -.0276917   .0118656    -2.33   0.020    -.0510601   -.0043232
          2014  |  -.0097189   .0166359    -0.58   0.560     -.042482    .0230442
          2015  |  -.0151755   .0173831    -0.87   0.383    -.0494101    .0190592
          2016  |   .0058249   .0271521     0.21   0.830    -.0476491    .0592989
          2017  |  -.0011643   .0255886    -0.05   0.964    -.0515592    .0492305
          2018  |  -.0012276   .0208123    -0.06   0.953    -.0422158    .0397607
          2019  |   .0120557   .0266183     0.45   0.651     -.040367    .0644785
                |
lclim_Temp_wi~r |   .1290363   .0546509     2.36   0.019     .0214056    .2366669
lclim_Temp_su~r |   .0975629    .086514     1.13   0.261    -.0728198    .2679456
lclim_rain_au~n |   .0220212   .0175413     1.26   0.210     -.012525    .0565674
lclim_rain_wi~r |  -.0185667   .0164032    -1.13   0.259    -.0508716    .0137382
lclim_rain_sp~g |   .0116214   .0119535     0.97   0.332    -.0119201    .0351628
lclim_rain_su~r |   .0089008   .0068333     1.30   0.194    -.0045568    .0223584
          _cons |  -.5338372   .3656559    -1.46   0.146    -1.253968    .1862937
----------------+----------------------------------------------------------------
        sigma_u |   .2490843
        sigma_e |  .05892676
            rho |  .94699925   (fraction of variance due to u_i)
---------------------------------------------------------------------------------

added scalar:
           e(clusters) =  253

added scalar:
              e(plots) =  914

    Variable |        Obs        Mean    Std. dev.       Min        Max
-------------+---------------------------------------------------------
     natural |     13,154    .2078793    .2512749          0   .9982222

added scalar:
        e(mean_depvar) =  .20787933

Fixed-effects (within) regression               Number of obs     =     13,154
Group variable: objectid                        Number of groups  =        914

R-squared:                                      Obs per group:
     Within  = 0.0356                                         min =          7
     Between = 0.0058                                         avg =       14.4
     Overall = 0.0116                                         max =         19

                                                F(25, 252)        =       5.05
corr(u_i, Xb) = -0.0440                         Prob > F          =     0.0000

                            (Std. err. adjusted for 253 clusters in community_ID)
---------------------------------------------------------------------------------
                |               Robust
     plantation | Coefficient  std. err.      t    P>|t|     [95% conf. interval]
----------------+----------------------------------------------------------------
           FTAI |  -.0147375     .00425    -3.47   0.001    -.0231075   -.0063674
                |
           year |
          2002  |  -.0171346   .0094195    -1.82   0.070    -.0356856    .0014165
          2003  |    .056775   .0166145     3.42   0.001     .0240542    .0894959
          2004  |   .0525558   .0228261     2.30   0.022     .0076016      .09751
          2005  |   .0573435    .016497     3.48   0.001     .0248539     .089833
          2006  |   .0578207   .0103915     5.56   0.000     .0373555     .078286
          2007  |   .0529365   .0104119     5.08   0.000     .0324312    .0734419
          2008  |  -.0031316   .0226492    -0.14   0.890    -.0477375    .0414743
          2009  |   .0093932   .0173656     0.54   0.589     -.024807    .0435934
          2010  |   .0605394   .0194101     3.12   0.002     .0223127    .0987662
          2011  |    .017085    .021673     0.79   0.431    -.0255982    .0597683
          2012  |  -.0125212   .0162116    -0.77   0.441    -.0444488    .0194063
          2013  |    .094456   .0177087     5.33   0.000       .05958     .129332
          2014  |   .0588481   .0192449     3.06   0.002     .0209468    .0967494
          2015  |   .0522636   .0160849     3.25   0.001     .0205856    .0839416
          2016  |   .0612061   .0364918     1.68   0.095    -.0106616    .1330738
          2017  |   .0770535   .0361136     2.13   0.034     .0059306    .1481764
          2018  |   .0690088   .0175205     3.94   0.000     .0345036    .1035141
          2019  |   .0647909   .0150047     4.32   0.000     .0352402    .0943416
                |
lclim_Temp_wi~r |  -.2582626   .0731943    -3.53   0.000    -.4024131   -.1141121
lclim_Temp_su~r |  -.2212197   .1325645    -1.67   0.096    -.4822952    .0398558
lclim_rain_au~n |  -.0137017    .024906    -0.55   0.583     -.062752    .0353487
lclim_rain_wi~r |    .044182   .0243528     1.81   0.071     -.003779     .092143
lclim_rain_sp~g |  -.0394517   .0157457    -2.51   0.013    -.0704617   -.0084417
lclim_rain_su~r |  -.0030475   .0118341    -0.26   0.797    -.0263537    .0202588
          _cons |   1.501104   .5644768     2.66   0.008      .389411    2.612798
----------------+----------------------------------------------------------------
        sigma_u |   .2016253
        sigma_e |  .08380584
            rho |  .85268495   (fraction of variance due to u_i)
---------------------------------------------------------------------------------

added scalar:
           e(clusters) =  253

added scalar:
              e(plots) =  914

    Variable |        Obs        Mean    Std. dev.       Min        Max
-------------+---------------------------------------------------------
  plantation |     13,154     .120594    .2241973          0          1

added scalar:
        e(mean_depvar) =  .12059397

. 
. esttab twfe_t5b_* using "results/TWFE_appendixA10_B.tex", $esttab_options replac
> e scalars(mean_depvar clusters plots)  keep(FTAI) se b(%9.3f) se(%9.3f)
(file results/TWFE_appendixA10_B.tex not found)
(output written to results/TWFE_appendixA10_B.tex)

. 
. 
. 
. ***********************************************************
. *** Table A11: Aggregated results for other variables 
. ***********************************************************
. 
. * CS estimates in the upper panel 
. 
. estimates clear

. foreach var in log_carbon biodiv trees_highero trees_lowero{
  2.     
.         qui: xthdidregress aipw (`var' lclim_*) (FTAI), group(objectid) vce(clus
> ter community_ID) controlgroup(notyet)
  3.         estat aggregation
  4.         estadd matrix b_a2= r(table)["b", 1 ...]
  5.         estadd matrix se_a2 = r(table)["se", 1 ...]
  6.         estadd matrix p_a2= r(table)["pvalue", 1 ...]
  7.         esttab using "results/CS_appendixA11.tex", $esttab_options cells(b_a2
> (fmt(3) star pval(p_a2)) se_a2(fmt(3) par)) ///
>         eqlab(none) mlab(`var', lhs(Cohort)) collab(none) nonumb   append
  8.     clear matrix
  9. }

Overall ATET                                            Number of obs = 29,961

                         (Std. err. adjusted for 367 clusters in community_ID)
------------------------------------------------------------------------------
             |               Robust
  log_carbon |       ATET   std. err.      z    P>|z|     [95% conf. interval]
-------------+----------------------------------------------------------------
        FTAI |
   (1 vs 0)  |  -.0067774   .0297568    -0.23   0.820    -.0650996    .0515448
------------------------------------------------------------------------------

added matrix:
               e(b_a2) :  1 x 1

added matrix:
              e(se_a2) :  1 x 1

added matrix:
               e(p_a2) :  1 x 1
(file results/CS_appendixA11.tex not found)
(output written to results/CS_appendixA11.tex)

Overall ATET                                            Number of obs = 29,963

                         (Std. err. adjusted for 367 clusters in community_ID)
------------------------------------------------------------------------------
             |               Robust
      biodiv |       ATET   std. err.      z    P>|z|     [95% conf. interval]
-------------+----------------------------------------------------------------
        FTAI |
   (1 vs 0)  |  -.0011371   .0067166    -0.17   0.866    -.0143015    .0120272
------------------------------------------------------------------------------

added matrix:
               e(b_a2) :  1 x 1

added matrix:
              e(se_a2) :  1 x 1

added matrix:
               e(p_a2) :  1 x 1
(output written to results/CS_appendixA11.tex)

Overall ATET                                            Number of obs = 16,663

                         (Std. err. adjusted for 263 clusters in community_ID)
------------------------------------------------------------------------------
             |               Robust
trees_high~o |       ATET   std. err.      z    P>|z|     [95% conf. interval]
-------------+----------------------------------------------------------------
        FTAI |
   (1 vs 0)  |   -.006792   .0098997    -0.69   0.493     -.026195     .012611
------------------------------------------------------------------------------

added matrix:
               e(b_a2) :  1 x 1

added matrix:
              e(se_a2) :  1 x 1

added matrix:
               e(p_a2) :  1 x 1
(output written to results/CS_appendixA11.tex)

Overall ATET                                            Number of obs = 26,315

                         (Std. err. adjusted for 315 clusters in community_ID)
------------------------------------------------------------------------------
             |               Robust
trees_lowero |       ATET   std. err.      z    P>|z|     [95% conf. interval]
-------------+----------------------------------------------------------------
        FTAI |
   (1 vs 0)  |  -.0211556   .0110614    -1.91   0.056    -.0428355    .0005244
------------------------------------------------------------------------------

added matrix:
               e(b_a2) :  1 x 1

added matrix:
              e(se_a2) :  1 x 1

added matrix:
               e(p_a2) :  1 x 1
(output written to results/CS_appendixA11.tex)

. 
. foreach var in log_EVIgrass log_EVIcrop log_EVInatural log_EVIplants{
  2.         qui: xthdidregress aipw (`var' lclim_*) (FTAI) if year>2003 & T_year>
> 2004, group(objectid) vce(cluster community_ID) controlgroup(notyet)
  3.         estat aggregation
  4.         estadd matrix b_a2= r(table)["b", 1 ...]
  5.         estadd matrix se_a2 = r(table)["se", 1 ...]
  6.         estadd matrix p_a2= r(table)["pvalue", 1 ...]
  7.         esttab using "results/CS_appendixA11.tex", $esttab_options cells(b_a2
> (fmt(3) star pval(p_a2)) se_a2(fmt(3) par)) ///
>         eqlab(none) mlab(`var', lhs(Cohort)) collab(none) nonumb   append
  8.     clear matrix
  9. }

Overall ATET                                            Number of obs = 20,752

                         (Std. err. adjusted for 329 clusters in community_ID)
------------------------------------------------------------------------------
             |               Robust
log_EVIgrass |       ATET   std. err.      z    P>|z|     [95% conf. interval]
-------------+----------------------------------------------------------------
        FTAI |
   (1 vs 0)  |  -.0124948   .0082135    -1.52   0.128     -.028593    .0036034
------------------------------------------------------------------------------

added matrix:
               e(b_a2) :  1 x 1

added matrix:
              e(se_a2) :  1 x 1

added matrix:
               e(p_a2) :  1 x 1
(output written to results/CS_appendixA11.tex)

Overall ATET                                             Number of obs = 5,824

                         (Std. err. adjusted for 121 clusters in community_ID)
------------------------------------------------------------------------------
             |               Robust
 log_EVIcrop |       ATET   std. err.      z    P>|z|     [95% conf. interval]
-------------+----------------------------------------------------------------
        FTAI |
   (1 vs 0)  |   .0334402   .1247372     0.27   0.789    -.2110403    .2779206
------------------------------------------------------------------------------

added matrix:
               e(b_a2) :  1 x 1

added matrix:
              e(se_a2) :  1 x 1

added matrix:
               e(p_a2) :  1 x 1
(output written to results/CS_appendixA11.tex)

Overall ATET                                            Number of obs = 13,056

                         (Std. err. adjusted for 266 clusters in community_ID)
------------------------------------------------------------------------------
             |               Robust
log_EVInat~l |       ATET   std. err.      z    P>|z|     [95% conf. interval]
-------------+----------------------------------------------------------------
        FTAI |
   (1 vs 0)  |  -.0041028   .0048076    -0.85   0.393    -.0135256    .0053199
------------------------------------------------------------------------------

added matrix:
               e(b_a2) :  1 x 1

added matrix:
              e(se_a2) :  1 x 1

added matrix:
               e(p_a2) :  1 x 1
(output written to results/CS_appendixA11.tex)

Overall ATET                                             Number of obs = 7,376

                         (Std. err. adjusted for 190 clusters in community_ID)
------------------------------------------------------------------------------
             |               Robust
log_EVIpla~s |       ATET   std. err.      z    P>|z|     [95% conf. interval]
-------------+----------------------------------------------------------------
        FTAI |
   (1 vs 0)  |  -.0136329    .015176    -0.90   0.369    -.0433772    .0161114
------------------------------------------------------------------------------

added matrix:
               e(b_a2) :  1 x 1

added matrix:
              e(se_a2) :  1 x 1

added matrix:
               e(p_a2) :  1 x 1
(output written to results/CS_appendixA11.tex)

. 
. * TWFE estimates in the lower panel 
. 
. estimates clear

. foreach var of varlist log_carbon biodiv trees_highero trees_lowero{
  2.         xtreg `var' FTAI i.year lclim_*, fe vce(cluster community_ID)
  3.         estadd scalar clusters= e(N_clust)
  4.         estadd scalar plots= e(N_g)
  5.         sum `var' if e(sample)
  6.         estadd scalar mean_depvar= r(mean)
  7.         est sto twfeA11_`var'
  8. }

Fixed-effects (within) regression               Number of obs     =     29,961
Group variable: objectid                        Number of groups  =      1,577

R-squared:                                      Obs per group:
     Within  = 0.0225                                         min =         18
     Between = 0.0131                                         avg =       19.0
     Overall = 0.0030                                         max =         19

                                                F(25, 366)        =       8.16
corr(u_i, Xb) = -0.1227                         Prob > F          =     0.0000

                            (Std. err. adjusted for 367 clusters in community_ID)
---------------------------------------------------------------------------------
                |               Robust
     log_carbon | Coefficient  std. err.      t    P>|t|     [95% conf. interval]
----------------+----------------------------------------------------------------
           FTAI |  -.0390711   .0281675    -1.39   0.166    -.0944616    .0163194
                |
           year |
          2002  |   .0703255   .0351596     2.00   0.046     .0011854    .1394656
          2003  |  -.1452609   .0517183    -2.81   0.005    -.2469632   -.0435585
          2004  |  -.0610237    .033547    -1.82   0.070    -.1269927    .0049453
          2005  |  -.0576602   .0358112    -1.61   0.108    -.1280817    .0127614
          2006  |  -.1430856   .0343241    -4.17   0.000    -.2105828   -.0755884
          2007  |   .0030907   .0279087     0.11   0.912    -.0517907    .0579722
          2008  |   .0716864    .037938     1.89   0.060    -.0029174    .1462901
          2009  |   .0735304    .047086     1.56   0.119    -.0190627    .1661235
          2010  |   .0003092   .0490389     0.01   0.995    -.0961241    .0967426
          2011  |    .142241   .0586348     2.43   0.016     .0269377    .2575444
          2012  |   .1505454   .0552608     2.72   0.007     .0418768    .2592139
          2013  |  -.0315102   .0651489    -0.48   0.629    -.1596234    .0966029
          2014  |   .1128576   .0567805     1.99   0.048     .0012006    .2245145
          2015  |    .080161   .0565324     1.42   0.157    -.0310081    .1913301
          2016  |   .1474078   .0761586     1.94   0.054    -.0023555    .2971712
          2017  |   .1974102   .1074234     1.84   0.067    -.0138344    .4086548
          2018  |   .0894375   .0547982     1.63   0.104    -.0183213    .1971964
          2019  |   .0875667   .0479043     1.83   0.068    -.0066356     .181769
                |
lclim_Temp_wi~r |  -.2616671   .2352967    -1.11   0.267    -.7243702     .201036
lclim_Temp_su~r |     .88178   .4644761     1.90   0.058    -.0315968    1.795157
lclim_rain_au~n |   .1443205   .0903317     1.60   0.111    -.0333138    .3219549
lclim_rain_wi~r |  -.1122868   .0610289    -1.84   0.067     -.232298    .0077244
lclim_rain_sp~g |   .0899822   .0387966     2.32   0.021     .0136899    .1662745
lclim_rain_su~r |   .0360683   .0189983     1.90   0.058    -.0012912    .0734278
          _cons |   .2039259   1.648262     0.12   0.902    -3.037326    3.445178
----------------+----------------------------------------------------------------
        sigma_u |  1.2745611
        sigma_e |  .37664546
            rho |  .91968728   (fraction of variance due to u_i)
---------------------------------------------------------------------------------

added scalar:
           e(clusters) =  367

added scalar:
              e(plots) =  1577

    Variable |        Obs        Mean    Std. dev.       Min        Max
-------------+---------------------------------------------------------
  log_carbon |     29,961    2.951228    1.318335  -2.431069   4.751065

added scalar:
        e(mean_depvar) =  2.9512285

Fixed-effects (within) regression               Number of obs     =     29,963
Group variable: objectid                        Number of groups  =      1,577

R-squared:                                      Obs per group:
     Within  = 0.0361                                         min =         19
     Between = 0.1037                                         avg =       19.0
     Overall = 0.0601                                         max =         19

                                                F(25, 366)        =      10.33
corr(u_i, Xb) = -0.4043                         Prob > F          =     0.0000

                            (Std. err. adjusted for 367 clusters in community_ID)
---------------------------------------------------------------------------------
                |               Robust
         biodiv | Coefficient  std. err.      t    P>|t|     [95% conf. interval]
----------------+----------------------------------------------------------------
           FTAI |  -.0011759   .0081293    -0.14   0.885    -.0171619    .0148101
                |
           year |
          2002  |   .0210643   .0107305     1.96   0.050    -.0000368    .0421655
          2003  |  -.0549491   .0127258    -4.32   0.000     -.079974   -.0299242
          2004  |  -.0463911   .0115501    -4.02   0.000     -.069104   -.0236783
          2005  |  -.0575038   .0148213    -3.88   0.000    -.0866494   -.0283582
          2006  |  -.0727926   .0172486    -4.22   0.000    -.1067114   -.0388738
          2007  |  -.0303326   .0070465    -4.30   0.000    -.0441894   -.0164758
          2008  |    .016923   .0124432     1.36   0.175    -.0075462    .0413921
          2009  |  -.0170508   .0229711    -0.74   0.458    -.0622227    .0281211
          2010  |    -.05639   .0301567    -1.87   0.062    -.1156921     .002912
          2011  |   .0074704   .0135362     0.55   0.581    -.0191481    .0340888
          2012  |  -.0057171   .0129724    -0.44   0.660    -.0312268    .0197927
          2013  |  -.0933415   .0320096    -2.92   0.004    -.1562873   -.0303956
          2014  |  -.0322916   .0231927    -1.39   0.165    -.0778993     .013316
          2015  |  -.0455314   .0212888    -2.14   0.033    -.0873952   -.0036677
          2016  |  -.0097614   .0296193    -0.33   0.742    -.0680067     .048484
          2017  |  -.0197694    .031467    -0.63   0.530    -.0816482    .0421095
          2018  |   -.031278   .0254519    -1.23   0.220    -.0813283    .0187724
          2019  |   -.036412   .0164174    -2.22   0.027    -.0686962   -.0041278
                |
lclim_Temp_wi~r |    .166647   .0933551     1.79   0.075    -.0169327    .3502267
lclim_Temp_su~r |   .5459491   .2947295     1.85   0.065    -.0336266    1.125525
lclim_rain_au~n |   .0534284   .0209059     2.56   0.011     .0123176    .0945392
lclim_rain_wi~r |  -.0735412   .0282006    -2.61   0.009    -.1289968   -.0180856
lclim_rain_sp~g |   .0247049   .0105539     2.34   0.020      .003951    .0454588
lclim_rain_su~r |   .0188819   .0053297     3.54   0.000     .0084011    .0293626
          _cons |  -3.189765   1.069698    -2.98   0.003    -5.293291   -1.086239
----------------+----------------------------------------------------------------
        sigma_u |  .32204502
        sigma_e |  .11421668
            rho |  .88826975   (fraction of variance due to u_i)
---------------------------------------------------------------------------------

added scalar:
           e(clusters) =  367

added scalar:
              e(plots) =  1577

    Variable |        Obs        Mean    Std. dev.       Min        Max
-------------+---------------------------------------------------------
      biodiv |     29,963   -.9934713    .3246333  -2.458171          0

added scalar:
        e(mean_depvar) =  -.99347133

Fixed-effects (within) regression               Number of obs     =     16,663
Group variable: objectid                        Number of groups  =        877

R-squared:                                      Obs per group:
     Within  = 0.0270                                         min =         19
     Between = 0.0588                                         avg =       19.0
     Overall = 0.0232                                         max =         19

                                                F(25, 262)        =       5.67
corr(u_i, Xb) = 0.1053                          Prob > F          =     0.0000

                            (Std. err. adjusted for 263 clusters in community_ID)
---------------------------------------------------------------------------------
                |               Robust
  trees_highero | Coefficient  std. err.      t    P>|t|     [95% conf. interval]
----------------+----------------------------------------------------------------
           FTAI |  -.0065395   .0074905    -0.87   0.383    -.0212887    .0082098
                |
           year |
          2002  |   .0016538   .0104226     0.16   0.874     -.018869    .0221766
          2003  |   .0112598   .0117398     0.96   0.338    -.0118565    .0343761
          2004  |   .0327226   .0135192     2.42   0.016     .0061025    .0593426
          2005  |   .0297476   .0117712     2.53   0.012     .0065693    .0529258
          2006  |   .0314889   .0096136     3.28   0.001     .0125592    .0504186
          2007  |   .0264139   .0093534     2.82   0.005     .0079965    .0448312
          2008  |   .0226069   .0116145     1.95   0.053    -.0002628    .0454766
          2009  |   .0296347   .0168796     1.76   0.080    -.0036022    .0628717
          2010  |   .0514318   .0147207     3.49   0.001      .022446    .0804177
          2011  |   .0443659   .0145521     3.05   0.003      .015712    .0730197
          2012  |   .0389985   .0121271     3.22   0.001     .0151195    .0628776
          2013  |   .0598606   .0166708     3.59   0.000     .0270348    .0926863
          2014  |   .0545757   .0138778     3.93   0.000     .0272494    .0819019
          2015  |   .0426829   .0140321     3.04   0.003     .0150528     .070313
          2016  |   .0910071   .0263398     3.46   0.001     .0391424    .1428719
          2017  |   .0637641   .0263411     2.42   0.016     .0118969    .1156314
          2018  |   .0496195   .0126707     3.92   0.000     .0246702    .0745689
          2019  |   .0522212   .0127949     4.08   0.000     .0270272    .0774151
                |
lclim_Temp_wi~r |  -.0549426   .0608326    -0.90   0.367    -.1747256    .0648404
lclim_Temp_su~r |  -.0043692     .10481    -0.04   0.967    -.2107464     .202008
lclim_rain_au~n |   -.001816   .0170718    -0.11   0.915    -.0354315    .0317995
lclim_rain_wi~r |   .0104048   .0210888     0.49   0.622    -.0311203    .0519299
lclim_rain_sp~g |  -.0082645   .0109402    -0.76   0.451    -.0298065    .0132775
lclim_rain_su~r |   .0157183   .0054396     2.89   0.004     .0050073    .0264293
          _cons |   .7135997    .364755     1.96   0.051    -.0046246    1.431824
----------------+----------------------------------------------------------------
        sigma_u |  .31525266
        sigma_e |  .09198272
            rho |  .92154652   (fraction of variance due to u_i)
---------------------------------------------------------------------------------

added scalar:
           e(clusters) =  263

added scalar:
              e(plots) =  877

    Variable |        Obs        Mean    Std. dev.       Min        Max
-------------+---------------------------------------------------------
trees_high~o |     16,663    .6522486    .3296977          0          1

added scalar:
        e(mean_depvar) =  .65224857

Fixed-effects (within) regression               Number of obs     =     26,315
Group variable: objectid                        Number of groups  =      1,385

R-squared:                                      Obs per group:
     Within  = 0.0485                                         min =         19
     Between = 0.1763                                         avg =       19.0
     Overall = 0.1321                                         max =         19

                                                F(25, 314)        =       5.14
corr(u_i, Xb) = 0.2775                          Prob > F          =     0.0000

                            (Std. err. adjusted for 315 clusters in community_ID)
---------------------------------------------------------------------------------
                |               Robust
   trees_lowero | Coefficient  std. err.      t    P>|t|     [95% conf. interval]
----------------+----------------------------------------------------------------
           FTAI |  -.0264918   .0097377    -2.72   0.007    -.0456513   -.0073324
                |
           year |
          2002  |  -.0151576   .0120842    -1.25   0.211    -.0389339    .0086186
          2003  |   .0158198   .0145548     1.09   0.278    -.0128175    .0444571
          2004  |   .0243706   .0103241     2.36   0.019     .0040575    .0446837
          2005  |   .0358569    .014804     2.42   0.016     .0067293    .0649845
          2006  |   .0432592    .015101     2.86   0.004     .0135473    .0729711
          2007  |    .037574   .0110851     3.39   0.001     .0157634    .0593845
          2008  |   .0091828   .0083059     1.11   0.270    -.0071595    .0255251
          2009  |   .0442194   .0191923     2.30   0.022     .0064577    .0819811
          2010  |   .0857291   .0261565     3.28   0.001      .034265    .1371932
          2011  |   .0246214   .0168818     1.46   0.146    -.0085943    .0578371
          2012  |   .0374287   .0141427     2.65   0.009     .0096023    .0652551
          2013  |   .0824795   .0257053     3.21   0.001     .0319031    .1330559
          2014  |   .0607007   .0180274     3.37   0.001      .025231    .0961704
          2015  |   .0590137   .0187512     3.15   0.002     .0221197    .0959077
          2016  |     .11455   .0330332     3.47   0.001     .0495555    .1795445
          2017  |   .0735652   .0269872     2.73   0.007     .0204667    .1266637
          2018  |   .0791464   .0233619     3.39   0.001     .0331806    .1251121
          2019  |   .0722977    .017479     4.14   0.000     .0379068    .1066885
                |
lclim_Temp_wi~r |  -.0986774   .0695287    -1.42   0.157    -.2354786    .0381237
lclim_Temp_su~r |  -.3299056   .2728636    -1.21   0.228    -.8667777    .2069664
lclim_rain_au~n |  -.0334098    .021462    -1.56   0.121    -.0756374    .0088177
lclim_rain_wi~r |   .0181174   .0219397     0.83   0.410      -.02505    .0612848
lclim_rain_sp~g |  -.0115305   .0098602    -1.17   0.243    -.0309309    .0078699
lclim_rain_su~r |   .0140478   .0047928     2.93   0.004     .0046178    .0234778
          _cons |   1.697035   .8814167     1.93   0.055    -.0371945    3.431264
----------------+----------------------------------------------------------------
        sigma_u |  .29990328
        sigma_e |  .09134694
            rho |  .91510242   (fraction of variance due to u_i)
---------------------------------------------------------------------------------

added scalar:
           e(clusters) =  315

added scalar:
              e(plots) =  1385

    Variable |        Obs        Mean    Std. dev.       Min        Max
-------------+---------------------------------------------------------
trees_lowero |     26,315    .3542373    .3235504          0          1

added scalar:
        e(mean_depvar) =  .35423729

. 
. foreach var of varlist log_EVI*{
  2.         xtreg `var' FTAI i.year lclim_*  if year>2003 & T_year>2004 , fe vce(
> cluster community_ID)
  3.         estadd scalar clusters= e(N_clust)
  4.         estadd scalar plots= e(N_g)
  5.         sum `var' if e(sample)
  6.         estadd scalar mean_depvar= r(mean)
  7.         est sto twfeA11_`var'
  8. }

Fixed-effects (within) regression               Number of obs     =     20,752
Group variable: objectid                        Number of groups  =      1,297

R-squared:                                      Obs per group:
     Within  = 0.4921                                         min =         16
     Between = 0.0500                                         avg =       16.0
     Overall = 0.1808                                         max =         16

                                                F(22, 328)        =     199.80
corr(u_i, Xb) = -0.0754                         Prob > F          =     0.0000

                            (Std. err. adjusted for 329 clusters in community_ID)
---------------------------------------------------------------------------------
                |               Robust
   log_EVIgrass | Coefficient  std. err.      t    P>|t|     [95% conf. interval]
----------------+----------------------------------------------------------------
           FTAI |  -.0001357    .006124    -0.02   0.982    -.0121829    .0119115
                |
           year |
          2005  |  -.1488693   .0116996   -12.72   0.000     -.171885   -.1258536
          2006  |   .1690903   .0148378    11.40   0.000      .139901    .1982796
          2007  |   .1369249   .0130189    10.52   0.000     .1113138     .162536
          2008  |   -.247512   .0297441    -8.32   0.000    -.3060253   -.1889987
          2009  |    .021898   .0286476     0.76   0.445    -.0344582    .0782542
          2010  |   .2430728   .0202021    12.03   0.000     .2033309    .2828148
          2011  |   .1276242   .0221115     5.77   0.000      .084126    .1711225
          2012  |   .0118223   .0268584     0.44   0.660    -.0410141    .0646588
          2013  |  -.0053255   .0209977    -0.25   0.800    -.0466327    .0359816
          2014  |   .0023461   .0222426     0.11   0.916    -.0414102    .0461023
          2015  |   .1136243   .0255568     4.45   0.000     .0633484    .1639002
          2016  |   .3828407   .0282973    13.53   0.000     .3271735    .4385078
          2017  |   .1863343   .0284532     6.55   0.000     .1303606     .242308
          2018  |   .0645589   .0251368     2.57   0.011     .0151092    .1140087
          2019  |   .0919137   .0183296     5.01   0.000     .0558552    .1279721
                |
lclim_Temp_wi~r |  -.0569877   .1497112    -0.38   0.704    -.3515029    .2375275
lclim_Temp_su~r |   .1955661     .17801     1.10   0.273    -.1546192    .5457515
lclim_rain_au~n |   -.017187   .0275523    -0.62   0.533    -.0713884    .0370145
lclim_rain_wi~r |  -.1879183   .0295655    -6.36   0.000    -.2460802   -.1297565
lclim_rain_sp~g |   .0101458   .0161111     0.63   0.529    -.0215484      .04184
lclim_rain_su~r |   .0954049   .0080606    11.84   0.000      .079548    .1112618
          _cons |  -.8478419   .6232074    -1.36   0.175     -2.07383    .3781459
----------------+----------------------------------------------------------------
        sigma_u |  .20244111
        sigma_e |  .13022957
            rho |  .70729872   (fraction of variance due to u_i)
---------------------------------------------------------------------------------

added scalar:
           e(clusters) =  329

added scalar:
              e(plots) =  1297

    Variable |        Obs        Mean    Std. dev.       Min        Max
-------------+---------------------------------------------------------
log_EVIgrass |     20,752    -1.00021    .2628547   -2.37576  -.2767593

added scalar:
        e(mean_depvar) =  -1.0002096

Fixed-effects (within) regression               Number of obs     =      5,824
Group variable: objectid                        Number of groups  =        364

R-squared:                                      Obs per group:
     Within  = 0.4814                                         min =         16
     Between = 0.0703                                         avg =       16.0
     Overall = 0.2394                                         max =         16

                                                F(22, 120)        =      98.32
corr(u_i, Xb) = -0.1840                         Prob > F          =     0.0000

                            (Std. err. adjusted for 121 clusters in community_ID)
---------------------------------------------------------------------------------
                |               Robust
    log_EVIcrop | Coefficient  std. err.      t    P>|t|     [95% conf. interval]
----------------+----------------------------------------------------------------
           FTAI |  -.0461958   .0186963    -2.47   0.015    -.0832132   -.0091784
                |
           year |
          2005  |  -.3027999   .0462258    -6.55   0.000    -.3943237   -.2112762
          2006  |   .3951622   .0673995     5.86   0.000     .2617159    .5286086
          2007  |   .3205418   .0571369     5.61   0.000     .2074147    .4336689
          2008  |  -.3262025   .0874798    -3.73   0.000    -.4994064   -.1529986
          2009  |   .1936185   .1005662     1.93   0.057    -.0054955    .3927325
          2010  |   .4400775   .0749299     5.87   0.000     .2917216    .5884334
          2011  |   .3549665   .0716663     4.95   0.000     .2130723    .4968608
          2012  |   .2143458   .0834325     2.57   0.011     .0491552    .3795364
          2013  |   .0113588   .0751091     0.15   0.880     -.137352    .1600696
          2014  |   .0778703   .0670618     1.16   0.248    -.0549074    .2106481
          2015  |   .5041253   .0891567     5.65   0.000     .3276013    .6806493
          2016  |   .7359777   .1015198     7.25   0.000     .5349756    .9369799
          2017  |  -.0341258   .1149644    -0.30   0.767    -.2617472    .1934957
          2018  |   .1903666   .0897362     2.12   0.036     .0126952    .3680381
          2019  |    .246583   .0653228     3.77   0.000     .1172484    .3759176
                |
lclim_Temp_wi~r |  -.6312617   .5668522    -1.11   0.268     -1.75359    .4910663
lclim_Temp_su~r |    .547895   .6435823     0.85   0.396    -.7263532    1.822143
lclim_rain_au~n |  -.2635379   .1103319    -2.39   0.018    -.4819873   -.0450885
lclim_rain_wi~r |  -.4746104   .1269024    -3.74   0.000    -.7258682   -.2233525
lclim_rain_sp~g |   .0970019   .0554633     1.75   0.083    -.0128116    .2068154
lclim_rain_su~r |   .1270001   .0268354     4.73   0.000     .0738679    .1801323
          _cons |   1.494055   2.006989     0.74   0.458    -2.479643    5.467754
----------------+----------------------------------------------------------------
        sigma_u |  .24708226
        sigma_e |  .23414397
            rho |  .52686667   (fraction of variance due to u_i)
---------------------------------------------------------------------------------

added scalar:
           e(clusters) =  121

added scalar:
              e(plots) =  364

    Variable |        Obs        Mean    Std. dev.       Min        Max
-------------+---------------------------------------------------------
 log_EVIcrop |      5,824   -1.232569    .3803552  -3.215145  -.1805998

added scalar:
        e(mean_depvar) =  -1.2325689

Fixed-effects (within) regression               Number of obs     =     13,056
Group variable: objectid                        Number of groups  =        816

R-squared:                                      Obs per group:
     Within  = 0.2426                                         min =         16
     Between = 0.0099                                         avg =       16.0
     Overall = 0.0546                                         max =         16

                                                F(22, 265)        =     104.76
corr(u_i, Xb) = -0.0926                         Prob > F          =     0.0000

                            (Std. err. adjusted for 266 clusters in community_ID)
---------------------------------------------------------------------------------
                |               Robust
 log_EVInatural | Coefficient  std. err.      t    P>|t|     [95% conf. interval]
----------------+----------------------------------------------------------------
           FTAI |   .0028263   .0041171     0.69   0.493      -.00528    .0109327
                |
           year |
          2005  |   .0125166   .0069942     1.79   0.075    -.0012547    .0262879
          2006  |   .1040163    .012059     8.63   0.000     .0802726      .12776
          2007  |   .0933331   .0098593     9.47   0.000     .0739205    .1127456
          2008  |  -.0664069   .0208752    -3.18   0.002    -.1075092   -.0253046
          2009  |   .0222054   .0219026     1.01   0.312    -.0209199    .0653307
          2010  |   .0816069   .0161023     5.07   0.000     .0499022    .1133115
          2011  |     .02778   .0117043     2.37   0.018     .0047348    .0508252
          2012  |   .0419912   .0203372     2.06   0.040     .0019482    .0820343
          2013  |  -.0001432    .013346    -0.01   0.991    -.0264209    .0261345
          2014  |   .0560891   .0197481     2.84   0.005     .0172059    .0949723
          2015  |    .091901   .0190789     4.82   0.000     .0543355    .1294665
          2016  |    .160157   .0183004     8.75   0.000     .1241243    .1961897
          2017  |    .077464   .0204327     3.79   0.000     .0372329     .117695
          2018  |   .0873865   .0213911     4.09   0.000     .0452683    .1295047
          2019  |   .0517107   .0114901     4.50   0.000     .0290871    .0743343
                |
lclim_Temp_wi~r |  -.2446061   .0961244    -2.54   0.012    -.4338707   -.0553414
lclim_Temp_su~r |  -.0815644   .1409105    -0.58   0.563     -.359011    .1958823
lclim_rain_au~n |  -.0669003    .020369    -3.28   0.001    -.1070059   -.0267947
lclim_rain_wi~r |  -.0634075   .0171406    -3.70   0.000    -.0971566   -.0296584
lclim_rain_sp~g |  -.0037808   .0133779    -0.28   0.778    -.0301213    .0225598
lclim_rain_su~r |    .031139     .00453     6.87   0.000     .0222197    .0400583
          _cons |   .6732787   .4215895     1.60   0.111    -.1568126     1.50337
----------------+----------------------------------------------------------------
        sigma_u |   .1186921
        sigma_e |  .07461298
            rho |  .71675799   (fraction of variance due to u_i)
---------------------------------------------------------------------------------

added scalar:
           e(clusters) =  266

added scalar:
              e(plots) =  816

    Variable |        Obs        Mean    Std. dev.       Min        Max
-------------+---------------------------------------------------------
log_EVInat~l |     13,056   -.7702702    .1423675  -1.961492  -.3189566

added scalar:
        e(mean_depvar) =  -.77027015

Fixed-effects (within) regression               Number of obs     =      7,376
Group variable: objectid                        Number of groups  =        461

R-squared:                                      Obs per group:
     Within  = 0.0530                                         min =         16
     Between = 0.0551                                         avg =       16.0
     Overall = 0.0515                                         max =         16

                                                F(22, 189)        =      14.27
corr(u_i, Xb) = 0.0472                          Prob > F          =     0.0000

                            (Std. err. adjusted for 190 clusters in community_ID)
---------------------------------------------------------------------------------
                |               Robust
  log_EVIplants | Coefficient  std. err.      t    P>|t|     [95% conf. interval]
----------------+----------------------------------------------------------------
           FTAI |  -.0151462   .0121565    -1.25   0.214    -.0391262    .0088337
                |
           year |
          2005  |   .0077594    .013959     0.56   0.579     -.019776    .0352947
          2006  |   .0212149    .022967     0.92   0.357    -.0240898    .0665195
          2007  |   .0416202   .0217477     1.91   0.057    -.0012792    .0845196
          2008  |  -.0734949   .0334228    -2.20   0.029    -.1394245   -.0075653
          2009  |  -.0411273   .0360035    -1.14   0.255    -.1121476    .0298931
          2010  |   .0515871   .0211145     2.44   0.015     .0099366    .0932375
          2011  |   .0341859   .0281725     1.21   0.226     -.021387    .0897588
          2012  |   .0101763   .0307708     0.33   0.741     -.050522    .0708747
          2013  |   .0282212   .0257581     1.10   0.275     -.022589    .0790314
          2014  |   .0242951    .028623     0.85   0.397    -.0321666    .0807567
          2015  |   .0121734   .0279073     0.44   0.663    -.0428765    .0672232
          2016  |   .0813137   .0342359     2.38   0.019     .0137802    .1488472
          2017  |   .1289352   .0358728     3.59   0.000     .0581726    .1996977
          2018  |   .0578872   .0257584     2.25   0.026     .0070763    .1086981
          2019  |   .0466729   .0292452     1.60   0.112     -.011016    .1043619
                |
lclim_Temp_wi~r |   -.292045   .2031592    -1.44   0.152    -.6927958    .1087059
lclim_Temp_su~r |   .0793633   .2615652     0.30   0.762     -.436599    .5953255
lclim_rain_au~n |   .0214646   .0312555     0.69   0.493    -.0401898     .083119
lclim_rain_wi~r |   .0073304   .0452188     0.16   0.871    -.0818679    .0965288
lclim_rain_sp~g |  -.0193991   .0244337    -0.79   0.428    -.0675969    .0287987
lclim_rain_su~r |   .0227188   .0105179     2.16   0.032     .0019713    .0434663
          _cons |  -.5475195   1.008702    -0.54   0.588    -2.537281    1.442242
----------------+----------------------------------------------------------------
        sigma_u |   .1372924
        sigma_e |  .14247857
            rho |   .4814692   (fraction of variance due to u_i)
---------------------------------------------------------------------------------

added scalar:
           e(clusters) =  190

added scalar:
              e(plots) =  461

    Variable |        Obs        Mean    Std. dev.       Min        Max
-------------+---------------------------------------------------------
log_EVIpla~s |      7,376   -.9300411    .1994794  -3.010885  -.3672027

added scalar:
        e(mean_depvar) =  -.93004111

. 
. esttab twfeA11_* using "results/TWFE_appendixA11.tex", $esttab_options scalars(m
> ean_depvar clusters plots)  replace keep(FTAI*) se b(%9.3f) se(%9.3f)
(file results/TWFE_appendixA11.tex not found)
(output written to results/TWFE_appendixA11.tex)

. 
. 
. 
. ***********************************************************
. *** Table A12: Heterogeneous effects by predominant land use at baseline (2001)
. ***********************************************************
. 
. egen tt=rowmax(grass crop natural plantation)  if year==2001
(28,386 missing values generated)

. foreach var of varlist grass crop natural plantation{
  2.         gen T_basemax`var'=0
  3.     replace T_basemax`var'=1 if `var'==tt
  4.         bysort objectid: egen tt2=max(T_basemax`var')
  5.         replace T_basemax`var'=1 if T_basemax`var'!=tt2
  6.         gen FTAI_basemax_`var'=FTAI*T_basemax`var'
  7.         drop tt2
  8. }
(918 real changes made)
(16,524 real changes made)
(190 real changes made)
(3,420 real changes made)
(313 real changes made)
(5,634 real changes made)
(160 real changes made)
(2,880 real changes made)

. drop tt

. 
. 
. estimates clear

. foreach var of varlist grass crop natural plantation{
  2. xtreg `var'  FTAI_basemax* i.year lclim_*, fe vce(cluster community_ID)
  3. estadd scalar clusters= e(N_clust)
  4. estadd scalar plots= e(N_g)
  5. sum `var' if e(sample)
  6. estadd scalar mean_depvar= r(mean)
  7. est sto twfe_base_`var'
  8. }

Fixed-effects (within) regression               Number of obs     =     29,963
Group variable: objectid                        Number of groups  =      1,577

R-squared:                                      Obs per group:
     Within  = 0.0816                                         min =         19
     Between = 0.0007                                         avg =       19.0
     Overall = 0.0044                                         max =         19

                                                F(28, 366)        =       5.53
corr(u_i, Xb) = -0.0671                         Prob > F          =     0.0000

                            (Std. err. adjusted for 367 clusters in community_ID)
---------------------------------------------------------------------------------
                |               Robust
          grass | Coefficient  std. err.      t    P>|t|     [95% conf. interval]
----------------+----------------------------------------------------------------
FTAI_basemax_~s |  -.0010444   .0078202    -0.13   0.894    -.0164225    .0143337
FTAI_basemax_~p |   .0892397   .0242704     3.68   0.000     .0415127    .1369667
FTAI_basemax_~l |   .0343451   .0084814     4.05   0.000     .0176666    .0510235
FTAI_basemax_~n |   .0832154   .0208986     3.98   0.000      .042119    .1243118
                |
           year |
          2002  |   .0059319   .0079989     0.74   0.459    -.0097977    .0216615
          2003  |  -.0226696   .0100995    -2.24   0.025      -.04253   -.0028092
          2004  |  -.0126248   .0110663    -1.14   0.255    -.0343863    .0091368
          2005  |  -.0299466   .0127011    -2.36   0.019    -.0549228   -.0049704
          2006  |  -.0305931   .0123997    -2.47   0.014    -.0549768   -.0062095
          2007  |  -.0320978   .0106455    -3.02   0.003    -.0530317   -.0111639
          2008  |  -.0055647   .0098977    -0.56   0.574    -.0250281    .0138988
          2009  |  -.0496028   .0164663    -3.01   0.003    -.0819832   -.0172224
          2010  |  -.0748032   .0210586    -3.55   0.000    -.1162143   -.0333921
          2011  |   -.011152   .0153938    -0.72   0.469    -.0414234    .0191195
          2012  |  -.0272212   .0115289    -2.36   0.019    -.0498925   -.0045499
          2013  |  -.0608829   .0214801    -2.83   0.005    -.1031227    -.018643
          2014  |   -.055395   .0168549    -3.29   0.001    -.0885396   -.0222504
          2015  |  -.0716499   .0148314    -4.83   0.000    -.1008154   -.0424844
          2016  |  -.1142492   .0270182    -4.23   0.000    -.1673796   -.0611188
          2017  |  -.0813761   .0296311    -2.75   0.006    -.1396447   -.0231075
          2018  |  -.0902975   .0210628    -4.29   0.000    -.1317168   -.0488782
          2019  |  -.0778893   .0180966    -4.30   0.000    -.1134757   -.0423028
                |
lclim_Temp_wi~r |   .0733932   .0660286     1.11   0.267    -.0564497    .2032362
lclim_Temp_su~r |   .3887999   .1936875     2.01   0.045     .0079199    .7696799
lclim_rain_au~n |   .0233234   .0180186     1.29   0.196    -.0121096    .0587565
lclim_rain_wi~r |   .0092442   .0184239     0.50   0.616    -.0269858    .0454742
lclim_rain_sp~g |   .0100852   .0070901     1.42   0.156    -.0038573    .0240276
lclim_rain_su~r |  -.0082679   .0049183    -1.68   0.094    -.0179396    .0014038
          _cons |  -1.096356   .6356358    -1.72   0.085    -2.346313    .1536006
----------------+----------------------------------------------------------------
        sigma_u |  .30728837
        sigma_e |  .08539912
            rho |  .92830249   (fraction of variance due to u_i)
---------------------------------------------------------------------------------

added scalar:
           e(clusters) =  367

added scalar:
              e(plots) =  1577

    Variable |        Obs        Mean    Std. dev.       Min        Max
-------------+---------------------------------------------------------
       grass |     29,963    .4646195    .3182609          0          1

added scalar:
        e(mean_depvar) =  .46461949

Fixed-effects (within) regression               Number of obs     =     29,963
Group variable: objectid                        Number of groups  =      1,577

R-squared:                                      Obs per group:
     Within  = 0.0292                                         min =         19
     Between = 0.3972                                         avg =       19.0
     Overall = 0.1442                                         max =         19

                                                F(28, 366)        =       4.98
corr(u_i, Xb) = -0.4607                         Prob > F          =     0.0000

                            (Std. err. adjusted for 367 clusters in community_ID)
---------------------------------------------------------------------------------
                |               Robust
           crop | Coefficient  std. err.      t    P>|t|     [95% conf. interval]
----------------+----------------------------------------------------------------
FTAI_basemax_~s |    .010005   .0108829     0.92   0.359    -.0113958    .0314059
FTAI_basemax_~p |  -.0619319   .0245073    -2.53   0.012    -.1101247   -.0137391
FTAI_basemax_~l |  -.0110808   .0105199    -1.05   0.293    -.0317679    .0096063
FTAI_basemax_~n |  -.0087943   .0108924    -0.81   0.420    -.0302139    .0126252
                |
           year |
          2002  |   .0048031   .0070633     0.68   0.497    -.0090866    .0186929
          2003  |   .0111128   .0088566     1.25   0.210    -.0063033     .028529
          2004  |   .0011452   .0097201     0.12   0.906    -.0179691    .0202594
          2005  |   .0053907   .0073299     0.74   0.463    -.0090234    .0198047
          2006  |  -.0023293   .0062568    -0.37   0.710    -.0146332    .0099745
          2007  |   .0016008   .0096297     0.17   0.868    -.0173356    .0205372
          2008  |  -.0024292   .0105289    -0.23   0.818    -.0231339    .0182755
          2009  |   .0055246   .0121947     0.45   0.651    -.0184559    .0295051
          2010  |  -.0000909   .0102181    -0.01   0.993    -.0201845    .0200027
          2011  |  -.0058513   .0189002    -0.31   0.757    -.0430179    .0313152
          2012  |  -.0083146   .0161269    -0.52   0.606    -.0400277    .0233985
          2013  |  -.0057082   .0141431    -0.40   0.687    -.0335201    .0221036
          2014  |   .0019129   .0186187     0.10   0.918    -.0347001    .0385259
          2015  |   .0142733   .0182816     0.78   0.435    -.0216769    .0502234
          2016  |   .0165185   .0261059     0.63   0.527    -.0348179     .067855
          2017  |   .0215508    .029866     0.72   0.471    -.0371797    .0802813
          2018  |   .0199635   .0169923     1.17   0.241    -.0134513    .0533784
          2019  |   .0181406   .0187247     0.97   0.333    -.0186809    .0549622
                |
lclim_Temp_wi~r |    -.00523   .0590839    -0.09   0.930    -.1214165    .1109565
lclim_Temp_su~r |  -.0449357     .10265    -0.44   0.662    -.2467935    .1569222
lclim_rain_au~n |    .006279   .0178946     0.35   0.726    -.0289102    .0414681
lclim_rain_wi~r |  -.0148195   .0189048    -0.78   0.434    -.0519952    .0223562
lclim_rain_sp~g |   -.004704   .0060222    -0.78   0.435    -.0165464    .0071384
lclim_rain_su~r |  -.0015261   .0046691    -0.33   0.744    -.0107077    .0076554
          _cons |   .3269956     .28112     1.16   0.246    -.2258176    .8798088
----------------+----------------------------------------------------------------
        sigma_u |  .21738257
        sigma_e |  .06921618
            rho |  .90794925   (fraction of variance due to u_i)
---------------------------------------------------------------------------------

added scalar:
           e(clusters) =  367

added scalar:
              e(plots) =  1577

    Variable |        Obs        Mean    Std. dev.       Min        Max
-------------+---------------------------------------------------------
        crop |     29,963    .1060963    .2208358          0          1

added scalar:
        e(mean_depvar) =  .10609629

Fixed-effects (within) regression               Number of obs     =     29,963
Group variable: objectid                        Number of groups  =      1,577

R-squared:                                      Obs per group:
     Within  = 0.0412                                         min =         19
     Between = 0.2563                                         avg =       19.0
     Overall = 0.1860                                         max =         19

                                                F(28, 366)        =      11.08
corr(u_i, Xb) = -0.5583                         Prob > F          =     0.0000

                            (Std. err. adjusted for 367 clusters in community_ID)
---------------------------------------------------------------------------------
                |               Robust
        natural | Coefficient  std. err.      t    P>|t|     [95% conf. interval]
----------------+----------------------------------------------------------------
FTAI_basemax_~s |   .0024242    .005106     0.47   0.635    -.0076166    .0124651
FTAI_basemax_~p |   .0051159   .0060439     0.85   0.398    -.0067693     .017001
FTAI_basemax_~l |  -.0340483   .0119103    -2.86   0.004    -.0574694   -.0106271
FTAI_basemax_~n |   .0221039   .0125341     1.76   0.079    -.0025439    .0467517
                |
           year |
          2002  |   .0168937   .0068813     2.46   0.015     .0033618    .0304256
          2003  |  -.0431113   .0090702    -4.75   0.000    -.0609475    -.025275
          2004  |  -.0243564   .0065767    -3.70   0.000    -.0372893   -.0114235
          2005  |  -.0329248   .0073078    -4.51   0.000    -.0472953   -.0185542
          2006  |  -.0365661   .0076571    -4.78   0.000    -.0516237   -.0215086
          2007  |   -.016345   .0045705    -3.58   0.000    -.0253327   -.0073572
          2008  |   .0159692   .0079443     2.01   0.045     .0003469    .0315915
          2009  |   .0009652   .0122949     0.08   0.937    -.0232123    .0251427
          2010  |  -.0309237   .0157635    -1.96   0.051    -.0619222    .0000747
          2011  |   .0131385   .0092127     1.43   0.155    -.0049779    .0312549
          2012  |   .0100638   .0072433     1.39   0.166    -.0041799    .0243074
          2013  |  -.0539725   .0183729    -2.94   0.004    -.0901022   -.0178428
          2014  |  -.0088954   .0132288    -0.67   0.502    -.0349095    .0171186
          2015  |  -.0145558   .0115015    -1.27   0.206    -.0371732    .0080616
          2016  |   .0104492   .0157256     0.66   0.507    -.0204748    .0413731
          2017  |  -.0100187   .0173048    -0.58   0.563    -.0440479    .0240106
          2018  |  -.0141063   .0134153    -1.05   0.294     -.040487    .0122744
          2019  |  -.0179201   .0090639    -1.98   0.049     -.035744   -.0000962
                |
lclim_Temp_wi~r |     .12211   .0580757     2.10   0.036      .007906    .2363139
lclim_Temp_su~r |   .3542272   .1651733     2.14   0.033     .0294194    .6790351
lclim_rain_au~n |    .024331   .0122656     1.98   0.048     .0002111    .0484509
lclim_rain_wi~r |  -.0471725   .0182276    -2.59   0.010    -.0830164   -.0113286
lclim_rain_sp~g |   .0226709     .00733     3.09   0.002     .0082568    .0370851
lclim_rain_su~r |   .0135519    .003521     3.85   0.000      .006628    .0204759
          _cons |  -1.244365   .6057887    -2.05   0.041    -2.435629   -.0531019
----------------+----------------------------------------------------------------
        sigma_u |  .25032425
        sigma_e |  .06617307
            rho |  .93468372   (fraction of variance due to u_i)
---------------------------------------------------------------------------------

added scalar:
           e(clusters) =  367

added scalar:
              e(plots) =  1577

    Variable |        Obs        Mean    Std. dev.       Min        Max
-------------+---------------------------------------------------------
     natural |     29,963    .2070315    .2409382          0          1

added scalar:
        e(mean_depvar) =  .20703149

Fixed-effects (within) regression               Number of obs     =     29,963
Group variable: objectid                        Number of groups  =      1,577

R-squared:                                      Obs per group:
     Within  = 0.0617                                         min =         19
     Between = 0.0440                                         avg =       19.0
     Overall = 0.0460                                         max =         19

                                                F(28, 366)        =       8.68
corr(u_i, Xb) = -0.0929                         Prob > F          =     0.0000

                            (Std. err. adjusted for 367 clusters in community_ID)
---------------------------------------------------------------------------------
                |               Robust
     plantation | Coefficient  std. err.      t    P>|t|     [95% conf. interval]
----------------+----------------------------------------------------------------
FTAI_basemax_~s |  -.0138363   .0088041    -1.57   0.117    -.0311494    .0034767
FTAI_basemax_~p |  -.0316566   .0114796    -2.76   0.006     -.054231   -.0090823
FTAI_basemax_~l |   .0046991   .0172917     0.27   0.786    -.0293044    .0387027
FTAI_basemax_~n |  -.1004751   .0270847    -3.71   0.000    -.1537362   -.0472139
                |
           year |
          2002  |  -.0438698   .0142544    -3.08   0.002    -.0719006   -.0158391
          2003  |   .0779361   .0141315     5.52   0.000      .050147    .1057251
          2004  |   .0418659   .0109075     3.84   0.000     .0204166    .0633152
          2005  |   .0744228   .0160699     4.63   0.000     .0428217    .1060238
          2006  |   .0853772    .017794     4.80   0.000     .0503858    .1203685
          2007  |   .0640353   .0104426     6.13   0.000     .0435003    .0845702
          2008  |  -.0190595   .0133341    -1.43   0.154    -.0452806    .0071616
          2009  |   .0262137   .0253197     1.04   0.301    -.0235767     .076004
          2010  |   .1151534   .0387215     2.97   0.003     .0390088     .191298
          2011  |  -.0274249   .0214135    -1.28   0.201    -.0695338     .014684
          2012  |  -.0328972   .0131356    -2.50   0.013     -.058728   -.0070664
          2013  |   .1388901   .0378201     3.67   0.000     .0645181     .213262
          2014  |   .0532587   .0225351     2.36   0.019     .0089442    .0975732
          2015  |   .0627925   .0218899     2.87   0.004     .0197467    .1058383
          2016  |   .0927799   .0341986     2.71   0.007     .0255295    .1600302
          2017  |   .0737285   .0315113     2.34   0.020     .0117626    .1356945
          2018  |   .0937002   .0325516     2.88   0.004     .0296885    .1577119
          2019  |   .0908514   .0202486     4.49   0.000     .0510332    .1306696
                |
lclim_Temp_wi~r |  -.2170277   .0689203    -3.15   0.002    -.3525572   -.0814983
lclim_Temp_su~r |  -.8785864    .416054    -2.11   0.035    -1.696743   -.0604301
lclim_rain_au~n |  -.0645518   .0255736    -2.52   0.012    -.1148415   -.0142622
lclim_rain_wi~r |   .0677165   .0268033     2.53   0.012     .0150086    .1204243
lclim_rain_sp~g |  -.0558731   .0122525    -4.56   0.000    -.0799672   -.0317791
lclim_rain_su~r |  -.0012636   .0048876    -0.26   0.796    -.0108749    .0083477
          _cons |   3.665988   1.387529     2.64   0.009     .9374577    6.394517
----------------+----------------------------------------------------------------
        sigma_u |  .22850814
        sigma_e |  .10320216
            rho |  .83058292   (fraction of variance due to u_i)
---------------------------------------------------------------------------------

added scalar:
           e(clusters) =  367

added scalar:
              e(plots) =  1577

    Variable |        Obs        Mean    Std. dev.       Min        Max
-------------+---------------------------------------------------------
  plantation |     29,963    .1498073    .2545519          0          1

added scalar:
        e(mean_depvar) =  .14980728

. 
. esttab twfe_base_* using "results/TWFE_appendixA12.tex", $esttab_options replace
>  scalars(mean_depvar clusters plots)  keep(FTAI*) se b(%9.3f) se(%9.3f)
(file results/TWFE_appendixA12.tex not found)
(output written to results/TWFE_appendixA12.tex)

. 
. 
. 
. ***********************************************************
. *** Table A13: Heterogeneous effects by erodability
. ***********************************************************
. 
. ** Panel A
. 
. estimates clear

. 
. foreach var of varlist grass crop natural plantation{
  2. xtreg `var'_lowero FTAI i.year lclim_*, fe vce(cluster community_ID)
  3. estadd scalar clusters= e(N_clust)
  4. estadd scalar plots= e(N_g)
  5. sum `var' if e(sample)
  6. estadd scalar mean_depvar= r(mean)
  7. est sto twfel_`var'
  8. }

Fixed-effects (within) regression               Number of obs     =     26,562
Group variable: objectid                        Number of groups  =      1,398

R-squared:                                      Obs per group:
     Within  = 0.0534                                         min =         19
     Between = 0.0803                                         avg =       19.0
     Overall = 0.0659                                         max =         19

                                                F(25, 319)        =       6.26
corr(u_i, Xb) = 0.1567                          Prob > F          =     0.0000

                            (Std. err. adjusted for 320 clusters in community_ID)
---------------------------------------------------------------------------------
                |               Robust
   grass_lowero | Coefficient  std. err.      t    P>|t|     [95% conf. interval]
----------------+----------------------------------------------------------------
           FTAI |   .0280494   .0084629     3.31   0.001     .0113991    .0446996
                |
           year |
          2002  |   .0091418   .0110331     0.83   0.408     -.012565    .0308485
          2003  |  -.0201683   .0131984    -1.53   0.127    -.0461352    .0057985
          2004  |  -.0279657   .0150662    -1.86   0.064    -.0576073    .0016759
          2005  |  -.0367194   .0164027    -2.24   0.026    -.0689906   -.0044482
          2006  |  -.0353705   .0160575    -2.20   0.028    -.0669624   -.0037786
          2007  |  -.0331594   .0124187    -2.67   0.008    -.0575924   -.0087265
          2008  |  -.0108829   .0123379    -0.88   0.378    -.0351568     .013391
          2009  |  -.0473541   .0190341    -2.49   0.013    -.0848024   -.0099058
          2010  |  -.0802604   .0257967    -3.11   0.002    -.1310135   -.0295072
          2011  |  -.0205883   .0191939    -1.07   0.284     -.058351    .0171743
          2012  |  -.0296187   .0146516    -2.02   0.044    -.0584448   -.0007927
          2013  |  -.0716841   .0273021    -2.63   0.009    -.1253991   -.0179691
          2014  |  -.0666801   .0202485    -3.29   0.001    -.1065176   -.0268426
          2015  |  -.0706014   .0161941    -4.36   0.000    -.1024621   -.0387406
          2016  |  -.1373462   .0354964    -3.87   0.000    -.2071828   -.0675096
          2017  |  -.1010513   .0363835    -2.78   0.006    -.1726332   -.0294694
          2018  |  -.0932996   .0244666    -3.81   0.000    -.1414359   -.0451634
          2019  |  -.0849347   .0215432    -3.94   0.000    -.1273195     -.04255
                |
lclim_Temp_wi~r |   .1189473   .0773274     1.54   0.125    -.0331888    .2710834
lclim_Temp_su~r |   .3063513   .2266096     1.35   0.177    -.1394868    .7521893
lclim_rain_au~n |   .0201481   .0243861     0.83   0.409    -.0278299    .0681261
lclim_rain_wi~r |  -.0089568   .0233237    -0.38   0.701    -.0548445    .0369309
lclim_rain_sp~g |   .0121169   .0102998     1.18   0.240    -.0081472    .0323809
lclim_rain_su~r |  -.0163294    .006958    -2.35   0.020    -.0300187   -.0026401
          _cons |  -.7964265   .7407285    -1.08   0.283    -2.253757    .6609037
----------------+----------------------------------------------------------------
        sigma_u |  .30023393
        sigma_e |  .09165407
            rho |  .91475144   (fraction of variance due to u_i)
---------------------------------------------------------------------------------

added scalar:
           e(clusters) =  320

added scalar:
              e(plots) =  1398

    Variable |        Obs        Mean    Std. dev.       Min        Max
-------------+---------------------------------------------------------
       grass |     26,562     .476984    .3177697          0          1

added scalar:
        e(mean_depvar) =  .47698403

Fixed-effects (within) regression               Number of obs     =     26,562
Group variable: objectid                        Number of groups  =      1,398

R-squared:                                      Obs per group:
     Within  = 0.0116                                         min =         19
     Between = 0.0014                                         avg =       19.0
     Overall = 0.0005                                         max =         19

                                                F(25, 319)        =       4.44
corr(u_i, Xb) = -0.0125                         Prob > F          =     0.0000

                            (Std. err. adjusted for 320 clusters in community_ID)
---------------------------------------------------------------------------------
                |               Robust
    crop_lowero | Coefficient  std. err.      t    P>|t|     [95% conf. interval]
----------------+----------------------------------------------------------------
           FTAI |   -.002625   .0123311    -0.21   0.832    -.0268855    .0216355
                |
           year |
          2002  |    .003905   .0087572     0.45   0.656    -.0133241    .0211342
          2003  |   .0068635   .0110525     0.62   0.535    -.0148815    .0286084
          2004  |   .0074121   .0133269     0.56   0.578    -.0188076    .0336318
          2005  |   .0064723   .0098432     0.66   0.511    -.0128936    .0258382
          2006  |  -.0028853   .0092904    -0.31   0.756    -.0211635    .0153929
          2007  |  -.0010057   .0110049    -0.09   0.927     -.022657    .0206456
          2008  |  -.0046083   .0140005    -0.33   0.742    -.0321533    .0229366
          2009  |   .0003882   .0141434     0.03   0.978     -.027438    .0282144
          2010  |  -.0025656   .0126923    -0.20   0.840    -.0275368    .0224055
          2011  |  -.0060698   .0230629    -0.26   0.793    -.0514444    .0393049
          2012  |  -.0111147   .0197638    -0.56   0.574    -.0499985    .0277692
          2013  |  -.0056006   .0185815    -0.30   0.763    -.0421584    .0309572
          2014  |   .0044799     .02334     0.19   0.848    -.0414398    .0503997
          2015  |   .0111215    .020599     0.54   0.590    -.0294055    .0516485
          2016  |   .0237098   .0345287     0.69   0.493     -.044223    .0916427
          2017  |   .0256427   .0368514     0.70   0.487    -.0468597    .0981451
          2018  |   .0163648   .0190969     0.86   0.392    -.0212069    .0539365
          2019  |   .0158875    .021321     0.75   0.457      -.02606     .057835
                |
lclim_Temp_wi~r |  -.0385188   .0670548    -0.57   0.566    -.1704444    .0934068
lclim_Temp_su~r |   .0059589   .1229088     0.05   0.961    -.2358553    .2477731
lclim_rain_au~n |   .0065043    .024762     0.26   0.793     -.042213    .0552217
lclim_rain_wi~r |  -.0063011   .0229082    -0.28   0.783    -.0513714    .0387691
lclim_rain_sp~g |   -.004547    .008509    -0.53   0.593    -.0212879    .0121938
lclim_rain_su~r |   .0024646   .0066793     0.37   0.712    -.0106765    .0156058
          _cons |   .2107141   .3403702     0.62   0.536    -.4589399    .8803682
----------------+----------------------------------------------------------------
        sigma_u |  .22193034
        sigma_e |  .07323011
            rho |  .90181125   (fraction of variance due to u_i)
---------------------------------------------------------------------------------

added scalar:
           e(clusters) =  320

added scalar:
              e(plots) =  1398

    Variable |        Obs        Mean    Std. dev.       Min        Max
-------------+---------------------------------------------------------
        crop |     26,562    .1167877     .230602          0          1

added scalar:
        e(mean_depvar) =  .11678771

Fixed-effects (within) regression               Number of obs     =     26,562
Group variable: objectid                        Number of groups  =      1,398

R-squared:                                      Obs per group:
     Within  = 0.0326                                         min =         19
     Between = 0.0060                                         avg =       19.0
     Overall = 0.0017                                         max =         19

                                                F(25, 319)        =      11.93
corr(u_i, Xb) = -0.1691                         Prob > F          =     0.0000

                            (Std. err. adjusted for 320 clusters in community_ID)
---------------------------------------------------------------------------------
                |               Robust
 natural_lowero | Coefficient  std. err.      t    P>|t|     [95% conf. interval]
----------------+----------------------------------------------------------------
           FTAI |   .0023906   .0048816     0.49   0.625    -.0072136    .0119947
                |
           year |
          2002  |   .0236491   .0076181     3.10   0.002      .008661    .0386372
          2003  |  -.0526781   .0082449    -6.39   0.000    -.0688993   -.0364569
          2004  |   -.022362   .0081155    -2.76   0.006    -.0383287   -.0063953
          2005  |   -.032319   .0081365    -3.97   0.000     -.048327   -.0163109
          2006  |  -.0424045   .0092229    -4.60   0.000    -.0605499   -.0242592
          2007  |  -.0182619   .0049285    -3.71   0.000    -.0279583   -.0085654
          2008  |   .0217437   .0088811     2.45   0.015     .0042708    .0392166
          2009  |   .0102929   .0143216     0.72   0.473    -.0178838    .0384696
          2010  |   -.032991   .0177923    -1.85   0.065    -.0679961    .0020142
          2011  |    .012478   .0110748     1.13   0.261    -.0093108    .0342668
          2012  |   .0159698   .0079373     2.01   0.045     .0003536    .0315859
          2013  |  -.0553595   .0209748    -2.64   0.009     -.096626    -.014093
          2014  |   .0059865    .014997     0.40   0.690    -.0235191    .0354921
          2015  |  -.0093686    .011625    -0.81   0.421      -.03224    .0135029
          2016  |   .0145924   .0204926     0.71   0.477    -.0257252    .0549101
          2017  |   .0028726   .0194093     0.15   0.882    -.0353139     .041059
          2018  |  -.0177575   .0150669    -1.18   0.239    -.0474006    .0118855
          2019  |   -.026322   .0095551    -2.75   0.006     -.045121    -.007523
                |
lclim_Temp_wi~r |   .0436553   .0640732     0.68   0.496    -.0824041    .1697148
lclim_Temp_su~r |   .3247114   .1976217     1.64   0.101    -.0640952     .713518
lclim_rain_au~n |   .0383682   .0136684     2.81   0.005     .0114766    .0652599
lclim_rain_wi~r |   -.037294   .0193988    -1.92   0.055    -.0754597    .0008717
lclim_rain_sp~g |   .0355457   .0074288     4.78   0.000     .0209301    .0501613
lclim_rain_su~r |   .0162618   .0051122     3.18   0.002      .006204    .0263196
          _cons |  -1.174156   .7019818    -1.67   0.095    -2.555255    .2069425
----------------+----------------------------------------------------------------
        sigma_u |  .20593346
        sigma_e |  .06614522
            rho |  .90648061   (fraction of variance due to u_i)
---------------------------------------------------------------------------------

added scalar:
           e(clusters) =  320

added scalar:
              e(plots) =  1398

    Variable |        Obs        Mean    Std. dev.       Min        Max
-------------+---------------------------------------------------------
     natural |     26,562    .1851726    .2260639          0          1

added scalar:
        e(mean_depvar) =  .18517258

Fixed-effects (within) regression               Number of obs     =     26,562
Group variable: objectid                        Number of groups  =      1,398

R-squared:                                      Obs per group:
     Within  = 0.0533                                         min =         19
     Between = 0.1499                                         avg =       19.0
     Overall = 0.1311                                         max =         19

                                                F(25, 319)        =       8.18
corr(u_i, Xb) = 0.0994                          Prob > F          =     0.0000

                            (Std. err. adjusted for 320 clusters in community_ID)
---------------------------------------------------------------------------------
                |               Robust
plantation_lo~o | Coefficient  std. err.      t    P>|t|     [95% conf. interval]
----------------+----------------------------------------------------------------
           FTAI |  -.0314527   .0101933    -3.09   0.002    -.0515073    -.011398
                |
           year |
          2002  |   -.057979   .0176066    -3.29   0.001    -.0926188   -.0233392
          2003  |   .0941265   .0161676     5.82   0.000     .0623178    .1259352
          2004  |   .0568316   .0128266     4.43   0.000     .0315962     .082067
          2005  |   .0889338   .0188928     4.71   0.000     .0517636    .1261041
          2006  |   .1018514   .0218824     4.65   0.000     .0587995    .1449034
          2007  |    .075949   .0117394     6.47   0.000     .0528525    .0990454
          2008  |  -.0190388   .0155673    -1.22   0.222    -.0496664    .0115887
          2009  |   .0195549   .0284873     0.69   0.493    -.0364919    .0756016
          2010  |   .1373608   .0445707     3.08   0.002     .0496711    .2250504
          2011  |  -.0193389   .0256524    -0.75   0.451    -.0698082    .0311304
          2012  |  -.0419986   .0153957    -2.73   0.007    -.0722886   -.0117086
          2013  |   .1608814   .0443677     3.63   0.000     .0735911    .2481717
          2014  |   .0498015   .0252606     1.97   0.050     .0001032    .0994999
          2015  |   .0555841   .0231791     2.40   0.017     .0099808    .1011874
          2016  |     .11796    .042788     2.76   0.006     .0337777    .2021424
          2017  |   .0895437   .0356788     2.51   0.013     .0193482    .1597393
          2018  |   .1074089   .0370204     2.90   0.004      .034574    .1802438
          2019  |   .1135123   .0231286     4.91   0.000     .0680084    .1590162
                |
lclim_Temp_wi~r |  -.2081672   .0770401    -2.70   0.007     -.359738   -.0565963
lclim_Temp_su~r |   -.869923   .4791015    -1.82   0.070    -1.812521    .0726749
lclim_rain_au~n |  -.0770518   .0322237    -2.39   0.017    -.1404496   -.0136541
lclim_rain_wi~r |   .0794685   .0329078     2.41   0.016     .0147248    .1442122
lclim_rain_sp~g |  -.0773762   .0141026    -5.49   0.000     -.105122   -.0496303
lclim_rain_su~r |   .0041483   .0067662     0.61   0.540    -.0091637    .0174603
          _cons |   3.681336   1.584802     2.32   0.021     .5633513    6.799321
----------------+----------------------------------------------------------------
        sigma_u |  .21281795
        sigma_e |  .10906874
            rho |  .79198256   (fraction of variance due to u_i)
---------------------------------------------------------------------------------

added scalar:
           e(clusters) =  320

added scalar:
              e(plots) =  1398

    Variable |        Obs        Mean    Std. dev.       Min        Max
-------------+---------------------------------------------------------
  plantation |     26,562    .1477835     .254525          0          1

added scalar:
        e(mean_depvar) =  .14778353

. 
. esttab twfel_* using "results/TWFE_appendixA13_A.tex", $esttab_options scalars(m
> ean_depvar clusters plots)  replace keep(FTAI*) se b(%9.3f) se(%9.3f)
(file results/TWFE_appendixA13_A.tex not found)
(output written to results/TWFE_appendixA13_A.tex)

. 
. 
. ** Panel B
. 
. estimates clear

. foreach var of varlist grass crop natural plantation{
  2. xtreg `var'_highero FTAI i.year lclim_*, fe vce(cluster community_ID)
  3. estadd scalar clusters= e(N_clust)
  4. estadd scalar plots= e(N_g)
  5. sum `var' if e(sample)
  6. estadd scalar mean_depvar= r(mean)
  7. est sto twfeh_`var'
  8. }

Fixed-effects (within) regression               Number of obs     =     12,692
Group variable: objectid                        Number of groups  =        668

R-squared:                                      Obs per group:
     Within  = 0.0300                                         min =         19
     Between = 0.1127                                         avg =       19.0
     Overall = 0.0807                                         max =         19

                                                F(25, 218)        =       3.05
corr(u_i, Xb) = 0.2178                          Prob > F          =     0.0000

                            (Std. err. adjusted for 219 clusters in community_ID)
---------------------------------------------------------------------------------
                |               Robust
  grass_highero | Coefficient  std. err.      t    P>|t|     [95% conf. interval]
----------------+----------------------------------------------------------------
           FTAI |   .0042194   .0082531     0.51   0.610    -.0120467    .0204855
                |
           year |
          2002  |    .006095   .0105217     0.58   0.563    -.0146422    .0268322
          2003  |  -.0079738    .012355    -0.65   0.519    -.0323243    .0163768
          2004  |  -.0193644   .0144097    -1.34   0.180    -.0477646    .0090357
          2005  |  -.0208056   .0123852    -1.68   0.094    -.0452156    .0036044
          2006  |  -.0171973    .009204    -1.87   0.063    -.0353376     .000943
          2007  |  -.0205455   .0106233    -1.93   0.054     -.041483     .000392
          2008  |   -.008573   .0120558    -0.71   0.478    -.0323339    .0151879
          2009  |  -.0279803   .0167689    -1.67   0.097    -.0610303    .0050696
          2010  |  -.0543252   .0156721    -3.47   0.001    -.0852134   -.0234369
          2011  |  -.0247174   .0151752    -1.63   0.105    -.0546263    .0051915
          2012  |  -.0276454   .0130817    -2.11   0.036    -.0534281   -.0018627
          2013  |  -.0536296    .017726    -3.03   0.003    -.0885659   -.0186934
          2014  |  -.0484651   .0144785    -3.35   0.001    -.0770009   -.0199293
          2015  |  -.0416882   .0156768    -2.66   0.008    -.0725856   -.0107908
          2016  |  -.0817116    .026692    -3.06   0.002     -.134319   -.0291042
          2017  |   -.062448   .0273892    -2.28   0.024    -.1164295   -.0084664
          2018  |  -.0489853   .0144629    -3.39   0.001    -.0774904   -.0204802
          2019  |  -.0431945   .0135586    -3.19   0.002    -.0699173   -.0164718
                |
lclim_Temp_wi~r |   .0956034   .0836681     1.14   0.254    -.0692985    .2605053
lclim_Temp_su~r |   .1434631   .1201938     1.19   0.234    -.0934275    .3803538
lclim_rain_au~n |   .0043968   .0154873     0.28   0.777    -.0261271    .0349207
lclim_rain_wi~r |    -.00915    .020171    -0.45   0.651    -.0489051     .030605
lclim_rain_sp~g |   .0067535   .0112893     0.60   0.550    -.0154966    .0290035
lclim_rain_su~r |   -.010799   .0053362    -2.02   0.044    -.0213162   -.0002818
          _cons |  -.3505095   .3926289    -0.89   0.373    -1.124344    .4233251
----------------+----------------------------------------------------------------
        sigma_u |  .30079117
        sigma_e |  .09101598
            rho |  .91612017   (fraction of variance due to u_i)
---------------------------------------------------------------------------------

added scalar:
           e(clusters) =  219

added scalar:
              e(plots) =  668

    Variable |        Obs        Mean    Std. dev.       Min        Max
-------------+---------------------------------------------------------
       grass |     12,692    .3588534    .2958787          0          1

added scalar:
        e(mean_depvar) =  .3588534

Fixed-effects (within) regression               Number of obs     =     12,692
Group variable: objectid                        Number of groups  =        668

R-squared:                                      Obs per group:
     Within  = 0.0058                                         min =         19
     Between = 0.0000                                         avg =       19.0
     Overall = 0.0003                                         max =         19

                                                F(25, 218)        =       2.12
corr(u_i, Xb) = 0.0001                          Prob > F          =     0.0021

                            (Std. err. adjusted for 219 clusters in community_ID)
---------------------------------------------------------------------------------
                |               Robust
   crop_highero | Coefficient  std. err.      t    P>|t|     [95% conf. interval]
----------------+----------------------------------------------------------------
           FTAI |   .0019862   .0029918     0.66   0.507    -.0039103    .0078827
                |
           year |
          2002  |   .0060284   .0029693     2.03   0.044     .0001763    .0118805
          2003  |   -.005887   .0032115    -1.83   0.068    -.0122165    .0004426
          2004  |  -.0038858   .0032727    -1.19   0.236    -.0103359    .0025644
          2005  |  -.0043582    .002382    -1.83   0.069    -.0090528    .0003364
          2006  |  -.0040361   .0023498    -1.72   0.087    -.0086675    .0005952
          2007  |  -.0034001   .0028239    -1.20   0.230    -.0089657    .0021655
          2008  |  -.0022493   .0037431    -0.60   0.549    -.0096265     .005128
          2009  |   .0034063   .0052162     0.65   0.514    -.0068744     .013687
          2010  |  -.0065676   .0037911    -1.73   0.085    -.0140395    .0009043
          2011  |  -.0060049   .0056085    -1.07   0.285    -.0170589     .005049
          2012  |  -.0008833    .005801    -0.15   0.879    -.0123166      .01055
          2013  |  -.0109713   .0035902    -3.06   0.003    -.0180472   -.0038954
          2014  |   .0005929   .0064595     0.09   0.927    -.0121382    .0133241
          2015  |    .004898   .0061533     0.80   0.427    -.0072296    .0170256
          2016  |   .0036687   .0089359     0.41   0.682    -.0139431    .0212806
          2017  |  -.0016794   .0077804    -0.22   0.829    -.0170139     .013655
          2018  |   -.001036   .0046812    -0.22   0.825    -.0102621    .0081902
          2019  |  -.0035315   .0046685    -0.76   0.450    -.0127326    .0056697
                |
lclim_Temp_wi~r |  -.0015537   .0198776    -0.08   0.938    -.0407305    .0376232
lclim_Temp_su~r |  -.0087962   .0301004    -0.29   0.770    -.0681212    .0505288
lclim_rain_au~n |   .0005047   .0031992     0.16   0.875    -.0058005    .0068099
lclim_rain_wi~r |   -.009312     .00328    -2.84   0.005    -.0157766   -.0028473
lclim_rain_sp~g |   .0057604   .0031387     1.84   0.068    -.0004258    .0119465
lclim_rain_su~r |   .0002511   .0014097     0.18   0.859    -.0025272    .0030295
          _cons |   .0865144    .075374     1.15   0.252    -.0620406    .2350693
----------------+----------------------------------------------------------------
        sigma_u |  .14294542
        sigma_e |  .03174185
            rho |  .95300835   (fraction of variance due to u_i)
---------------------------------------------------------------------------------

added scalar:
           e(clusters) =  219

added scalar:
              e(plots) =  668

    Variable |        Obs        Mean    Std. dev.       Min        Max
-------------+---------------------------------------------------------
        crop |     12,692    .0609259    .1690295          0          1

added scalar:
        e(mean_depvar) =  .06092586

Fixed-effects (within) regression               Number of obs     =     12,692
Group variable: objectid                        Number of groups  =        668

R-squared:                                      Obs per group:
     Within  = 0.0381                                         min =         19
     Between = 0.0411                                         avg =       19.0
     Overall = 0.0259                                         max =         19

                                                F(25, 218)        =       7.41
corr(u_i, Xb) = 0.0926                          Prob > F          =     0.0000

                            (Std. err. adjusted for 219 clusters in community_ID)
---------------------------------------------------------------------------------
                |               Robust
natural_highero | Coefficient  std. err.      t    P>|t|     [95% conf. interval]
----------------+----------------------------------------------------------------
           FTAI |  -.0168143    .009608    -1.75   0.082    -.0357507     .002122
                |
           year |
          2002  |   .0363781   .0107483     3.38   0.001     .0151942    .0575621
          2003  |  -.1043774   .0208997    -4.99   0.000    -.1455687   -.0631861
          2004  |  -.0665974    .018214    -3.66   0.000    -.1024955   -.0306993
          2005  |  -.0717991   .0161442    -4.45   0.000    -.1036177   -.0399804
          2006  |  -.0672402   .0129334    -5.20   0.000    -.0927308   -.0417497
          2007  |  -.0315232   .0105932    -2.98   0.003    -.0524013    -.010645
          2008  |   .0147339   .0181468     0.81   0.418    -.0210316    .0504995
          2009  |   .0373394   .0200626     1.86   0.064    -.0022021    .0768809
          2010  |  -.0342481   .0214524    -1.60   0.112    -.0765288    .0080325
          2011  |  -.0067059   .0188198    -0.36   0.722    -.0437979    .0303862
          2012  |   .0333826   .0155575     2.15   0.033     .0027202    .0640451
          2013  |  -.0784631   .0191697    -4.09   0.000    -.1162447   -.0406815
          2014  |   .0112249   .0201697     0.56   0.578    -.0285277    .0509775
          2015  |   .0144102   .0153568     0.94   0.349    -.0158567     .044677
          2016  |   .0203398   .0371644     0.55   0.585    -.0529077    .0935872
          2017  |  -.0152358   .0417823    -0.36   0.716    -.0975847    .0671132
          2018  |   .0007497   .0215871     0.03   0.972    -.0417965     .043296
          2019  |  -.0203566   .0182181    -1.12   0.265    -.0562627    .0155495
                |
lclim_Temp_wi~r |   .0427757    .071081     0.60   0.548    -.0973182    .1828696
lclim_Temp_su~r |   .1299549   .1557903     0.83   0.405     -.177093    .4370028
lclim_rain_au~n |    .016944   .0259561     0.65   0.515    -.0342131     .068101
lclim_rain_wi~r |  -.0726048   .0217545    -3.34   0.001    -.1154809   -.0297287
lclim_rain_sp~g |   .0720668   .0150668     4.78   0.000     .0423716     .101762
lclim_rain_su~r |   .0112212    .008333     1.35   0.180    -.0052024    .0276447
          _cons |  -.1913701   .5447832    -0.35   0.726    -1.265086    .8823461
----------------+----------------------------------------------------------------
        sigma_u |  .31805899
        sigma_e |  .10381979
            rho |  .90371144   (fraction of variance due to u_i)
---------------------------------------------------------------------------------

added scalar:
           e(clusters) =  219

added scalar:
              e(plots) =  668

    Variable |        Obs        Mean    Std. dev.       Min        Max
-------------+---------------------------------------------------------
     natural |     12,692    .2791678    .2722355          0          1

added scalar:
        e(mean_depvar) =  .27916784

Fixed-effects (within) regression               Number of obs     =     12,692
Group variable: objectid                        Number of groups  =        668

R-squared:                                      Obs per group:
     Within  = 0.0364                                         min =         19
     Between = 0.0365                                         avg =       19.0
     Overall = 0.0341                                         max =         19

                                                F(25, 218)        =       9.51
corr(u_i, Xb) = 0.0641                          Prob > F          =     0.0000

                            (Std. err. adjusted for 219 clusters in community_ID)
---------------------------------------------------------------------------------
                |               Robust
plantation_hi~o | Coefficient  std. err.      t    P>|t|     [95% conf. interval]
----------------+----------------------------------------------------------------
           FTAI |   .0078031    .013089     0.60   0.552     -.017994    .0336001
                |
           year |
          2002  |  -.0513291   .0143549    -3.58   0.000    -.0796213   -.0230369
          2003  |   .1452393   .0250091     5.81   0.000     .0959488    .1945298
          2004  |   .1033824   .0263722     3.92   0.000     .0514053    .1553596
          2005  |   .1104424   .0231939     4.76   0.000     .0647295    .1561553
          2006  |   .1026824   .0179874     5.71   0.000     .0672308    .1381339
          2007  |   .0694454    .017239     4.03   0.000     .0354689    .1034219
          2008  |  -.0040606   .0239972    -0.17   0.866    -.0513569    .0432357
          2009  |  -.0316727   .0227492    -1.39   0.165    -.0765092    .0131637
          2010  |   .0902637   .0271107     3.33   0.001     .0368311    .1436963
          2011  |   .0207289   .0257818     0.80   0.422    -.0300847    .0715424
          2012  |  -.0723489   .0210514    -3.44   0.001    -.1138392   -.0308585
          2013  |   .1449751   .0273067     5.31   0.000     .0911562     .198794
          2014  |    .027157   .0235258     1.15   0.250      -.01921    .0735241
          2015  |   .0111479   .0195283     0.57   0.569    -.0273404    .0496363
          2016  |   .0417772    .045318     0.92   0.358    -.0475403    .1310946
          2017  |   .0743682   .0532816     1.40   0.164    -.0306447    .1793812
          2018  |   .0482875   .0257962     1.87   0.063    -.0025544    .0991294
          2019  |   .0775206   .0244814     3.17   0.002     .0292702    .1257711
                |
lclim_Temp_wi~r |  -.1308203   .1117977    -1.17   0.243    -.3511631    .0895225
lclim_Temp_su~r |  -.3189214   .1560783    -2.04   0.042     -.626537   -.0113058
lclim_rain_au~n |   -.016591   .0295339    -0.56   0.575    -.0747996    .0416176
lclim_rain_wi~r |   .0961072   .0288626     3.33   0.001     .0392218    .1529926
lclim_rain_sp~g |  -.1067228   .0203117    -5.25   0.000    -.1467553   -.0666903
lclim_rain_su~r |  -.0018366   .0115263    -0.16   0.874    -.0245538    .0208805
          _cons |   1.581951   .5884948     2.69   0.008     .4220835    2.741819
----------------+----------------------------------------------------------------
        sigma_u |  .27059003
        sigma_e |  .13404351
            rho |  .80295727   (fraction of variance due to u_i)
---------------------------------------------------------------------------------

added scalar:
           e(clusters) =  219

added scalar:
              e(plots) =  668

    Variable |        Obs        Mean    Std. dev.       Min        Max
-------------+---------------------------------------------------------
  plantation |     12,692    .2272346    .2864656          0          1

added scalar:
        e(mean_depvar) =  .22723461

. 
. esttab twfeh_* using "results/TWFE_appendixA13_B.tex", $esttab_options scalars(m
> ean_depvar clusters plots)  replace keep(FTAI*) se b(%9.3f) se(%9.3f)
(file results/TWFE_appendixA13_B.tex not found)
(output written to results/TWFE_appendixA13_B.tex)

. 
. 
. 
. ***********************************************************
. *** Table A14: Heterogeneous effects by community characteristics and conflict
. ***********************************************************
. 
. cap gen log_distance=log(distance)

. cap gen FTAI_ldist=log_distance*FTAI

. cap gen log_families=log(families)

. cap gen FTAI_lfam=log_families*FTAI

. 
. 
. ** Panel A
. 
. estimates clear

. foreach var of varlist grass crop natural plantation{
  2. xtreg `var' FTAI FTAI_ldist i.year lclim_*, fe vce(cluster community_ID)
  3. estadd scalar clusters= e(N_clust)
  4. estadd scalar plots= e(N_g)
  5. sum `var' if e(sample)
  6. estadd scalar mean_depvar= r(mean)
  7. est sto twfed_`var'
  8. }

Fixed-effects (within) regression               Number of obs     =     27,949
Group variable: objectid                        Number of groups  =      1,471

R-squared:                                      Obs per group:
     Within  = 0.0527                                         min =         19
     Between = 0.0966                                         avg =       19.0
     Overall = 0.0831                                         max =         19

                                                F(26, 341)        =       5.52
corr(u_i, Xb) = 0.1805                          Prob > F          =     0.0000

                            (Std. err. adjusted for 342 clusters in community_ID)
---------------------------------------------------------------------------------
                |               Robust
          grass | Coefficient  std. err.      t    P>|t|     [95% conf. interval]
----------------+----------------------------------------------------------------
           FTAI |   .0400286   .0121799     3.29   0.001     .0160714    .0639858
     FTAI_ldist |  -.0091666   .0039913    -2.30   0.022    -.0170173    -.001316
                |
           year |
          2002  |   .0077137   .0087897     0.88   0.381    -.0095752    .0250026
          2003  |  -.0186669   .0107834    -1.73   0.084    -.0398773    .0025435
          2004  |  -.0139105   .0095048    -1.46   0.144     -.032606     .004785
          2005  |  -.0288145   .0124847    -2.31   0.022    -.0533713   -.0042577
          2006  |  -.0282922   .0128929    -2.19   0.029    -.0536519   -.0029325
          2007  |  -.0273839   .0099725    -2.75   0.006    -.0469992   -.0077686
          2008  |  -.0004028   .0107182    -0.04   0.970    -.0214849    .0206793
          2009  |  -.0418848   .0163688    -2.56   0.011    -.0740814   -.0096883
          2010  |  -.0695452   .0215206    -3.23   0.001     -.111875   -.0272154
          2011  |  -.0056662   .0164958    -0.34   0.731    -.0381125    .0267802
          2012  |  -.0218861   .0126213    -1.73   0.084    -.0467114    .0029393
          2013  |  -.0598998   .0218931    -2.74   0.007    -.1029622   -.0168373
          2014  |  -.0509107   .0166515    -3.06   0.002    -.0836633   -.0181582
          2015  |  -.0625636   .0143401    -4.36   0.000    -.0907698   -.0343574
          2016  |  -.1073534   .0245414    -4.37   0.000     -.155625   -.0590818
          2017  |  -.0743614   .0284569    -2.61   0.009    -.1303345   -.0183884
          2018  |  -.0810464   .0209273    -3.87   0.000    -.1222091   -.0398836
          2019  |  -.0697389   .0166873    -4.18   0.000    -.1025619    -.036916
                |
lclim_Temp_wi~r |   .0866877    .062615     1.38   0.167    -.0364725    .2098479
lclim_Temp_su~r |   .3750609   .2122849     1.77   0.078    -.0424919    .7926137
lclim_rain_au~n |   .0250915   .0203121     1.24   0.218    -.0148613    .0650442
lclim_rain_wi~r |  -.0001678   .0181658    -0.01   0.993     -.035899    .0355635
lclim_rain_sp~g |   .0092922   .0072817     1.28   0.203    -.0050306     .023615
lclim_rain_su~r |  -.0094208   .0047073    -2.00   0.046    -.0186798   -.0001619
          _cons |  -1.053623   .6789222    -1.55   0.122    -2.389026    .2817793
----------------+----------------------------------------------------------------
        sigma_u |  .29621205
        sigma_e |   .0847845
            rho |  .92427671   (fraction of variance due to u_i)
---------------------------------------------------------------------------------

added scalar:
           e(clusters) =  342

added scalar:
              e(plots) =  1471

    Variable |        Obs        Mean    Std. dev.       Min        Max
-------------+---------------------------------------------------------
       grass |     27,949    .4556332    .3161214          0          1

added scalar:
        e(mean_depvar) =  .45563316

Fixed-effects (within) regression               Number of obs     =     27,949
Group variable: objectid                        Number of groups  =      1,471

R-squared:                                      Obs per group:
     Within  = 0.0140                                         min =         19
     Between = 0.0020                                         avg =       19.0
     Overall = 0.0029                                         max =         19

                                                F(26, 341)        =       4.91
corr(u_i, Xb) = 0.0086                          Prob > F          =     0.0000

                            (Std. err. adjusted for 342 clusters in community_ID)
---------------------------------------------------------------------------------
                |               Robust
           crop | Coefficient  std. err.      t    P>|t|     [95% conf. interval]
----------------+----------------------------------------------------------------
           FTAI |  -.0133898   .0139373    -0.96   0.337    -.0408036    .0140241
     FTAI_ldist |   .0065936    .003354     1.97   0.050    -3.47e-06    .0131907
                |
           year |
          2002  |   .0036595   .0076111     0.48   0.631    -.0113112    .0186303
          2003  |   .0082415   .0089597     0.92   0.358    -.0093817    .0258648
          2004  |  -.0039747   .0081475    -0.49   0.626    -.0200004     .012051
          2005  |   .0013812   .0060395     0.23   0.819    -.0104981    .0132605
          2006  |  -.0040891   .0058425    -0.70   0.484    -.0155811    .0074029
          2007  |  -.0018583    .009424    -0.20   0.844    -.0203947    .0166781
          2008  |  -.0092803   .0113918    -0.81   0.416    -.0316874    .0131268
          2009  |   .0006858   .0121529     0.06   0.955    -.0232183    .0245899
          2010  |  -.0057689   .0079181    -0.73   0.467    -.0213433    .0098055
          2011  |  -.0166734   .0200919    -0.83   0.407     -.056193    .0228463
          2012  |  -.0160277   .0174722    -0.92   0.360    -.0503945     .018339
          2013  |  -.0133506   .0138861    -0.96   0.337    -.0406637    .0139625
          2014  |   -.008042   .0186105    -0.43   0.666    -.0446479    .0285638
          2015  |   .0067411   .0186773     0.36   0.718     -.029996    .0434783
          2016  |   .0057092   .0225359     0.25   0.800    -.0386178    .0500361
          2017  |   .0038333   .0284041     0.13   0.893     -.052036    .0597025
          2018  |   .0101423   .0156411     0.65   0.517    -.0206228    .0409074
          2019  |    .007414   .0174266     0.43   0.671    -.0268631    .0416911
                |
lclim_Temp_wi~r |   .0083106   .0569843     0.15   0.884    -.1037743    .1203956
lclim_Temp_su~r |  -.0687677   .1038455    -0.66   0.508    -.2730261    .1354906
lclim_rain_au~n |  -.0015741    .019911    -0.08   0.937    -.0407379    .0375897
lclim_rain_wi~r |  -.0163287   .0203676    -0.80   0.423    -.0563907    .0237333
lclim_rain_sp~g |   -.003705   .0063337    -0.58   0.559     -.016163    .0087529
lclim_rain_su~r |  -.0024793   .0040984    -0.60   0.546    -.0105406    .0055821
          _cons |   .4201843   .2930703     1.43   0.153    -.1562689    .9966375
----------------+----------------------------------------------------------------
        sigma_u |  .21443273
        sigma_e |  .06887349
            rho |  .90648474   (fraction of variance due to u_i)
---------------------------------------------------------------------------------

added scalar:
           e(clusters) =  342

added scalar:
              e(plots) =  1471

    Variable |        Obs        Mean    Std. dev.       Min        Max
-------------+---------------------------------------------------------
        crop |     27,949    .1088179    .2249151          0          1

added scalar:
        e(mean_depvar) =  .10881793

Fixed-effects (within) regression               Number of obs     =     27,949
Group variable: objectid                        Number of groups  =      1,471

R-squared:                                      Obs per group:
     Within  = 0.0316                                         min =         19
     Between = 0.1095                                         avg =       19.0
     Overall = 0.0780                                         max =         19

                                                F(26, 341)        =      11.79
corr(u_i, Xb) = -0.4024                         Prob > F          =     0.0000

                            (Std. err. adjusted for 342 clusters in community_ID)
---------------------------------------------------------------------------------
                |               Robust
        natural | Coefficient  std. err.      t    P>|t|     [95% conf. interval]
----------------+----------------------------------------------------------------
           FTAI |  -.0028663   .0064587    -0.44   0.657    -.0155702    .0098377
     FTAI_ldist |  -4.55e-06   .0016951    -0.00   0.998    -.0033388    .0033297
                |
           year |
          2002  |   .0195299   .0066103     2.95   0.003     .0065278     .032532
          2003  |  -.0392627   .0078059    -5.03   0.000    -.0546164    -.023909
          2004  |  -.0182222    .007062    -2.58   0.010    -.0321128   -.0043315
          2005  |  -.0292799   .0076169    -3.84   0.000    -.0442619   -.0142978
          2006  |  -.0362366   .0081994    -4.42   0.000    -.0523643   -.0201089
          2007  |   -.013488   .0043816    -3.08   0.002    -.0221064   -.0048696
          2008  |    .016294   .0084623     1.93   0.055    -.0003508    .0329388
          2009  |    .003738   .0122749     0.30   0.761    -.0204061    .0278821
          2010  |  -.0282707   .0172391    -1.64   0.102    -.0621791    .0056376
          2011  |   .0178182   .0098705     1.81   0.072    -.0015965    .0372329
          2012  |   .0134543   .0067854     1.98   0.048     .0001078    .0268009
          2013  |  -.0527053   .0192595    -2.74   0.007    -.0905877   -.0148228
          2014  |   -.004528   .0130899    -0.35   0.730    -.0302751    .0212191
          2015  |  -.0134796   .0112383    -1.20   0.231    -.0355846    .0086255
          2016  |   .0153954    .017486     0.88   0.379    -.0189986    .0497895
          2017  |    .003166   .0195715     0.16   0.872    -.0353301    .0416622
          2018  |  -.0122707   .0149972    -0.82   0.414    -.0417694     .017228
          2019  |    -.01753   .0101314    -1.73   0.084    -.0374578    .0023979
                |
lclim_Temp_wi~r |   .0745285   .0518354     1.44   0.151    -.0274288    .1764858
lclim_Temp_su~r |   .3652712   .1733607     2.11   0.036     .0242802    .7062623
lclim_rain_au~n |   .0334148   .0135271     2.47   0.014     .0068077    .0600219
lclim_rain_wi~r |  -.0487835   .0180467    -2.70   0.007    -.0842803   -.0132867
lclim_rain_sp~g |   .0212451   .0055238     3.85   0.000     .0103801    .0321101
lclim_rain_su~r |   .0143478   .0037759     3.80   0.000     .0069208    .0217747
          _cons |  -1.182238   .6189703    -1.91   0.057    -2.399719    .0352421
----------------+----------------------------------------------------------------
        sigma_u |  .24546064
        sigma_e |  .06483916
            rho |  .93477444   (fraction of variance due to u_i)
---------------------------------------------------------------------------------

added scalar:
           e(clusters) =  342

added scalar:
              e(plots) =  1471

    Variable |        Obs        Mean    Std. dev.       Min        Max
-------------+---------------------------------------------------------
     natural |     27,949    .2116357    .2430028          0          1

added scalar:
        e(mean_depvar) =  .21163569

Fixed-effects (within) regression               Number of obs     =     27,949
Group variable: objectid                        Number of groups  =      1,471

R-squared:                                      Obs per group:
     Within  = 0.0512                                         min =         19
     Between = 0.1011                                         avg =       19.0
     Overall = 0.0928                                         max =         19

                                                F(26, 341)        =       8.96
corr(u_i, Xb) = 0.0170                          Prob > F          =     0.0000

                            (Std. err. adjusted for 342 clusters in community_ID)
---------------------------------------------------------------------------------
                |               Robust
     plantation | Coefficient  std. err.      t    P>|t|     [95% conf. interval]
----------------+----------------------------------------------------------------
           FTAI |  -.0289316   .0109162    -2.65   0.008    -.0504032     -.00746
     FTAI_ldist |   .0037958   .0029823     1.27   0.204    -.0020703    .0096618
                |
           year |
          2002  |  -.0472212   .0156551    -3.02   0.003    -.0780139   -.0164286
          2003  |   .0723333   .0142688     5.07   0.000     .0442673    .1003993
          2004  |   .0389092   .0124496     3.13   0.002     .0144215    .0633969
          2005  |   .0713388   .0175778     4.06   0.000     .0367643    .1059133
          2006  |   .0850346   .0195913     4.34   0.000     .0464997    .1235696
          2007  |   .0580787   .0107016     5.43   0.000     .0370292    .0791281
          2008  |  -.0178606   .0146361    -1.22   0.223     -.046649    .0109278
          2009  |   .0218632   .0262493     0.83   0.405    -.0297677    .0734941
          2010  |   .1122227   .0420417     2.67   0.008     .0295289    .1949165
          2011  |  -.0304185   .0224898    -1.35   0.177    -.0746546    .0138177
          2012  |  -.0320043   .0135512    -2.36   0.019    -.0586586   -.0053499
          2013  |   .1420479   .0408568     3.48   0.001     .0616848     .222411
          2014  |   .0527858   .0233591     2.26   0.024     .0068397    .0987319
          2015  |   .0601276   .0225542     2.67   0.008     .0157648    .1044905
          2016  |   .0938023   .0382456     2.45   0.015     .0185753    .1690294
          2017  |   .0672507   .0354962     1.89   0.059    -.0025684    .1370699
          2018  |   .0914118   .0359879     2.54   0.012     .0206256    .1621979
          2019  |   .0896243   .0229863     3.90   0.000     .0444115     .134837
                |
lclim_Temp_wi~r |  -.1659527   .0608414    -2.73   0.007    -.2856244    -.046281
lclim_Temp_su~r |  -.8834963   .4359883    -2.03   0.043    -1.741061   -.0259312
lclim_rain_au~n |  -.0711306   .0277932    -2.56   0.011    -.1257984   -.0164629
lclim_rain_wi~r |   .0771819   .0279558     2.76   0.006     .0221943    .1321695
lclim_rain_sp~g |  -.0531165   .0118195    -4.49   0.000    -.0763647   -.0298683
lclim_rain_su~r |   .0009243    .005376     0.17   0.864      -.00965    .0114985
          _cons |   3.508156   1.426912     2.46   0.014     .7014984    6.314814
----------------+----------------------------------------------------------------
        sigma_u |   .2206542
        sigma_e |  .10368319
            rho |  .81913729   (fraction of variance due to u_i)
---------------------------------------------------------------------------------

added scalar:
           e(clusters) =  342

added scalar:
              e(plots) =  1471

    Variable |        Obs        Mean    Std. dev.       Min        Max
-------------+---------------------------------------------------------
  plantation |     27,949    .1505783    .2546291          0          1

added scalar:
        e(mean_depvar) =  .15057829

. 
. esttab twfed_* using "results/TWFE_appendixA14_A.tex", $esttab_options scalars(m
> ean_depvar clusters plots)  replace keep(FTAI*) se b(%9.3f) se(%9.3f)
(file results/TWFE_appendixA14_A.tex not found)
(output written to results/TWFE_appendixA14_A.tex)

. 
. 
. ** Panel B
. 
. estimates clear

. foreach var of varlist grass crop natural plantation{
  2. xtreg `var' FTAI FTAI_lfam i.year lclim_*, fe vce(cluster community_ID)
  3. estadd scalar clusters= e(N_clust)
  4. estadd scalar plots= e(N_g)
  5. sum `var' if e(sample)
  6. estadd scalar mean_depvar= r(mean)
  7. est sto twfef_`var'
  8. }

Fixed-effects (within) regression               Number of obs     =     28,101
Group variable: objectid                        Number of groups  =      1,479

R-squared:                                      Obs per group:
     Within  = 0.0493                                         min =         19
     Between = 0.0678                                         avg =       19.0
     Overall = 0.0331                                         max =         19

                                                F(26, 355)        =       5.09
corr(u_i, Xb) = 0.1172                          Prob > F          =     0.0000

                            (Std. err. adjusted for 356 clusters in community_ID)
---------------------------------------------------------------------------------
                |               Robust
          grass | Coefficient  std. err.      t    P>|t|     [95% conf. interval]
----------------+----------------------------------------------------------------
           FTAI |  -.0126033   .0250449    -0.50   0.615    -.0618583    .0366517
      FTAI_lfam |   .0109062   .0069925     1.56   0.120    -.0028457    .0246581
                |
           year |
          2002  |  -.0012893   .0074654    -0.17   0.863    -.0159713    .0133928
          2003  |  -.0143491   .0096613    -1.49   0.138    -.0333496    .0046514
          2004  |  -.0176329   .0119634    -1.47   0.141     -.041161    .0058952
          2005  |  -.0224754   .0101488    -2.21   0.027    -.0424347   -.0025162
          2006  |  -.0202854    .008155    -2.49   0.013    -.0363235   -.0042472
          2007  |  -.0260699   .0090995    -2.86   0.004    -.0439656   -.0081742
          2008  |  -.0087594   .0105259    -0.83   0.406    -.0294604    .0119415
          2009  |  -.0370798   .0127572    -2.91   0.004    -.0621691   -.0119905
          2010  |  -.0538905   .0135648    -3.97   0.000    -.0805679   -.0272131
          2011  |  -.0261397   .0155722    -1.68   0.094    -.0567652    .0044857
          2012  |  -.0284712   .0126823    -2.24   0.025    -.0534131   -.0035294
          2013  |  -.0435865   .0161783    -2.69   0.007    -.0754038   -.0117692
          2014  |  -.0512282   .0160034    -3.20   0.001    -.0827017   -.0197547
          2015  |  -.0645107   .0135025    -4.78   0.000    -.0910657   -.0379557
          2016  |  -.1030684   .0246981    -4.17   0.000    -.1516414   -.0544953
          2017  |   -.076065    .030448    -2.50   0.013    -.1359462   -.0161837
          2018  |  -.0728225   .0163215    -4.46   0.000    -.1049214   -.0407236
          2019  |  -.0699771   .0167927    -4.17   0.000    -.1030028   -.0369514
                |
lclim_Temp_wi~r |    .088055   .0700909     1.26   0.210    -.0497905    .2259005
lclim_Temp_su~r |   .0979728   .0886448     1.11   0.270    -.0763622    .2723078
lclim_rain_au~n |   .0113531   .0180649     0.63   0.530    -.0241746    .0468808
lclim_rain_wi~r |   .0156709   .0173561     0.90   0.367    -.0184628    .0498046
lclim_rain_sp~g |   .0087741   .0077178     1.14   0.256    -.0064042    .0239524
lclim_rain_su~r |  -.0092584   .0054297    -1.71   0.089    -.0199368      .00142
          _cons |  -.1827534   .3318116    -0.55   0.582    -.8353169    .4698101
----------------+----------------------------------------------------------------
        sigma_u |  .30020362
        sigma_e |  .08484444
            rho |  .92603246   (fraction of variance due to u_i)
---------------------------------------------------------------------------------

added scalar:
           e(clusters) =  356

added scalar:
              e(plots) =  1479

    Variable |        Obs        Mean    Std. dev.       Min        Max
-------------+---------------------------------------------------------
       grass |     28,101    .4769206     .314503          0          1

added scalar:
        e(mean_depvar) =  .47692058

Fixed-effects (within) regression               Number of obs     =     28,101
Group variable: objectid                        Number of groups  =      1,479

R-squared:                                      Obs per group:
     Within  = 0.0120                                         min =         19
     Between = 0.0024                                         avg =       19.0
     Overall = 0.0001                                         max =         19

                                                F(26, 355)        =       5.82
corr(u_i, Xb) = -0.0304                         Prob > F          =     0.0000

                            (Std. err. adjusted for 356 clusters in community_ID)
---------------------------------------------------------------------------------
                |               Robust
           crop | Coefficient  std. err.      t    P>|t|     [95% conf. interval]
----------------+----------------------------------------------------------------
           FTAI |   .0101972   .0224383     0.45   0.650    -.0339315    .0543259
      FTAI_lfam |  -.0042415   .0057948    -0.73   0.465     -.015638    .0071549
                |
           year |
          2002  |   .0041093   .0078904     0.52   0.603    -.0114085    .0196271
          2003  |   .0130156    .009739     1.34   0.182    -.0061378     .032169
          2004  |   .0046489   .0105817     0.44   0.661    -.0161618    .0254597
          2005  |   .0078906   .0080146     0.98   0.326    -.0078714    .0236526
          2006  |  -.0000287   .0068837    -0.00   0.997    -.0135667    .0135092
          2007  |   .0032874   .0101342     0.32   0.746    -.0166432    .0232179
          2008  |  -.0041212   .0113611    -0.36   0.717    -.0264647    .0182222
          2009  |    .005389   .0133726     0.40   0.687    -.0209106    .0316885
          2010  |   .0026263   .0112353     0.23   0.815    -.0194699    .0247224
          2011  |  -.0072882   .0203735    -0.36   0.721    -.0473561    .0327797
          2012  |  -.0112891   .0178782    -0.63   0.528    -.0464495    .0238713
          2013  |  -.0059202   .0158376    -0.37   0.709    -.0370676    .0252271
          2014  |   .0010001   .0206796     0.05   0.961    -.0396698      .04167
          2015  |   .0138028   .0199524     0.69   0.490    -.0254371    .0530426
          2016  |   .0241232   .0282455     0.85   0.394    -.0314263    .0796727
          2017  |   .0232521   .0324107     0.72   0.474    -.0404889    .0869932
          2018  |   .0211387   .0180905     1.17   0.243    -.0144393    .0567167
          2019  |   .0195065   .0197057     0.99   0.323    -.0192481    .0582612
                |
lclim_Temp_wi~r |  -.0141792   .0659124    -0.22   0.830     -.143807    .1154486
lclim_Temp_su~r |  -.0412862   .1104934    -0.37   0.709    -.2585902    .1760178
lclim_rain_au~n |   .0034696    .019661     0.18   0.860    -.0351972    .0421363
lclim_rain_wi~r |  -.0154648   .0200569    -0.77   0.441    -.0549102    .0239806
lclim_rain_sp~g |  -.0073534   .0067776    -1.08   0.279    -.0206826    .0059759
lclim_rain_su~r |   .0006318   .0052689     0.12   0.905    -.0097304     .010994
          _cons |   .3654678   .3064207     1.19   0.234    -.2371602    .9680959
----------------+----------------------------------------------------------------
        sigma_u |  .21466312
        sigma_e |  .07175915
            rho |  .89948442   (fraction of variance due to u_i)
---------------------------------------------------------------------------------

added scalar:
           e(clusters) =  356

added scalar:
              e(plots) =  1479

    Variable |        Obs        Mean    Std. dev.       Min        Max
-------------+---------------------------------------------------------
        crop |     28,101    .1112702    .2255798          0          1

added scalar:
        e(mean_depvar) =  .1112702

Fixed-effects (within) regression               Number of obs     =     28,101
Group variable: objectid                        Number of groups  =      1,479

R-squared:                                      Obs per group:
     Within  = 0.0282                                         min =         19
     Between = 0.0363                                         avg =       19.0
     Overall = 0.0135                                         max =         19

                                                F(26, 355)        =      11.51
corr(u_i, Xb) = -0.1869                         Prob > F          =     0.0000

                            (Std. err. adjusted for 356 clusters in community_ID)
---------------------------------------------------------------------------------
                |               Robust
        natural | Coefficient  std. err.      t    P>|t|     [95% conf. interval]
----------------+----------------------------------------------------------------
           FTAI |   -.007091   .0116557    -0.61   0.543    -.0300139     .015832
      FTAI_lfam |   .0006277   .0030584     0.21   0.837    -.0053871    .0066425
                |
           year |
          2002  |    .016689   .0056484     2.95   0.003     .0055805    .0277974
          2003  |  -.0456167   .0089738    -5.08   0.000    -.0632651   -.0279683
          2004  |  -.0213976   .0069163    -3.09   0.002    -.0349997   -.0077955
          2005  |  -.0259611   .0059584    -4.36   0.000    -.0376793   -.0142429
          2006  |  -.0310248    .005547    -5.59   0.000    -.0419339   -.0201157
          2007  |  -.0141539   .0045529    -3.11   0.002     -.023108   -.0051998
          2008  |   .0139509   .0079182     1.76   0.079    -.0016216    .0295235
          2009  |   .0156515   .0094638     1.65   0.099    -.0029607    .0342636
          2010  |  -.0132066   .0078279    -1.69   0.092    -.0286014    .0021882
          2011  |   .0072385   .0080197     0.90   0.367    -.0085336    .0230106
          2012  |   .0148293    .007277     2.04   0.042      .000518    .0291407
          2013  |  -.0364619   .0089154    -4.09   0.000    -.0539956   -.0189282
          2014  |   .0058046   .0085963     0.68   0.500    -.0111015    .0227106
          2015  |  -.0012995    .007226    -0.18   0.857    -.0155105    .0129116
          2016  |   .0241838   .0152299     1.59   0.113    -.0057684     .054136
          2017  |   .0079169   .0147829     0.54   0.593    -.0211562    .0369899
          2018  |  -.0010031   .0077531    -0.13   0.897    -.0162509    .0142446
          2019  |    -.01196   .0068831    -1.74   0.083    -.0254967    .0015767
                |
lclim_Temp_wi~r |   .0351415   .0436787     0.80   0.422      -.05076     .121043
lclim_Temp_su~r |   .1703074   .0727174     2.34   0.020     .0272965    .3133184
lclim_rain_au~n |   .0192859   .0104328     1.85   0.065     -.001232    .0398038
lclim_rain_wi~r |  -.0346354   .0124769    -2.78   0.006    -.0591732   -.0100975
lclim_rain_sp~g |   .0272188   .0070561     3.86   0.000     .0133418    .0410958
lclim_rain_su~r |   .0136805   .0040481     3.38   0.001     .0057192    .0216418
          _cons |  -.5013373   .3016033    -1.66   0.097    -1.094491    .0918166
----------------+----------------------------------------------------------------
        sigma_u |  .23524284
        sigma_e |  .06134083
            rho |  .93633541   (fraction of variance due to u_i)
---------------------------------------------------------------------------------

added scalar:
           e(clusters) =  356

added scalar:
              e(plots) =  1479

    Variable |        Obs        Mean    Std. dev.       Min        Max
-------------+---------------------------------------------------------
     natural |     28,101    .2049934    .2402281          0          1

added scalar:
        e(mean_depvar) =  .20499336

Fixed-effects (within) regression               Number of obs     =     28,101
Group variable: objectid                        Number of groups  =      1,479

R-squared:                                      Obs per group:
     Within  = 0.0361                                         min =         19
     Between = 0.0901                                         avg =       19.0
     Overall = 0.0724                                         max =         19

                                                F(26, 355)        =       9.10
corr(u_i, Xb) = 0.1556                          Prob > F          =     0.0000

                            (Std. err. adjusted for 356 clusters in community_ID)
---------------------------------------------------------------------------------
                |               Robust
     plantation | Coefficient  std. err.      t    P>|t|     [95% conf. interval]
----------------+----------------------------------------------------------------
           FTAI |   .0090682   .0213206     0.43   0.671    -.0328624    .0509987
      FTAI_lfam |  -.0076998   .0053941    -1.43   0.154    -.0183081    .0029085
                |
           year |
          2002  |  -.0340847    .008555    -3.98   0.000    -.0509096   -.0172598
          2003  |   .0709967    .013239     5.36   0.000       .04496    .0970334
          2004  |   .0462086   .0112358     4.11   0.000     .0241114    .0683058
          2005  |   .0594114   .0097601     6.09   0.000     .0402165    .0786062
          2006  |   .0674751   .0091373     7.38   0.000      .049505    .0854452
          2007  |   .0530853   .0083049     6.39   0.000     .0367523    .0694183
          2008  |  -.0093784   .0125891    -0.74   0.457    -.0341369    .0153802
          2009  |  -.0040592   .0128606    -0.32   0.752    -.0293517    .0212332
          2010  |   .0698047   .0118505     5.89   0.000     .0464986    .0931108
          2011  |   .0029944   .0123207     0.24   0.808    -.0212364    .0272252
          2012  |  -.0329305   .0122489    -2.69   0.008      -.05702    -.008841
          2013  |   .1027918   .0127135     8.09   0.000     .0777885    .1277952
          2014  |   .0360548   .0135122     2.67   0.008     .0094807    .0626288
          2015  |   .0409534    .013749     2.98   0.003     .0139138    .0679931
          2016  |   .0554482   .0212667     2.61   0.010     .0136236    .0972728
          2017  |    .050312   .0225203     2.23   0.026      .006022     .094602
          2018  |   .0579707   .0119011     4.87   0.000     .0345652    .0813762
          2019  |   .0755197   .0113665     6.64   0.000     .0531654    .0978739
                |
lclim_Temp_wi~r |  -.1450065   .0567887    -2.55   0.011    -.2566911   -.0333218
lclim_Temp_su~r |  -.3243804   .0901839    -3.60   0.000    -.5017422   -.1470185
lclim_rain_au~n |  -.0397879   .0186207    -2.14   0.033    -.0764088   -.0031671
lclim_rain_wi~r |   .0525187   .0154908     3.39   0.001     .0220534    .0829841
lclim_rain_sp~g |  -.0562238   .0119147    -4.72   0.000    -.0796561   -.0327915
lclim_rain_su~r |  -.0025807    .005238    -0.49   0.623    -.0128822    .0077208
          _cons |   1.695809   .3679603     4.61   0.000     .9721532    2.419465
----------------+----------------------------------------------------------------
        sigma_u |  .21523404
        sigma_e |  .09507966
            rho |  .83671986   (fraction of variance due to u_i)
---------------------------------------------------------------------------------

added scalar:
           e(clusters) =  356

added scalar:
              e(plots) =  1479

    Variable |        Obs        Mean    Std. dev.       Min        Max
-------------+---------------------------------------------------------
  plantation |     28,101    .1367056    .2406712          0          1

added scalar:
        e(mean_depvar) =  .13670563

. 
. esttab twfef_* using "results/TWFE_appendixA14_B.tex", $esttab_options scalars(m
> ean_depvar clusters plots)  replace keep(FTAI*) se b(%9.3f) se(%9.3f)
(file results/TWFE_appendixA14_B.tex not found)
(output written to results/TWFE_appendixA14_B.tex)

. 
. 
. ** Panel C
. 
. bysort cod_region: egen temp=median(pj)

. cap gen old_community=0 if pj!=.

. replace old_community=1 if pj<temp
(13,756 real changes made)

. drop temp

. cap gen new_community=old_community+1

. replace new_community=0 if new_community==2
(13,756 real changes made)

. cap gen FTAI_old=FTAI*old_community

. cap gen FTAI_new=FTAI*new_community

. 
. estimates clear

. foreach var of varlist grass crop natural plantation{
  2. xtreg `var'  FTAI_old FTAI_new i.year lclim_*, fe vce(cluster community_ID)
  3. estadd scalar clusters= e(N_clust)
  4. estadd scalar plots= e(N_g)
  5. sum `var' if e(sample)
  6. estadd scalar mean_depvar= r(mean)
  7. est sto twfe_old_`var'
  8. }

Fixed-effects (within) regression               Number of obs     =     28,557
Group variable: objectid                        Number of groups  =      1,503

R-squared:                                      Obs per group:
     Within  = 0.0563                                         min =         19
     Between = 0.0997                                         avg =       19.0
     Overall = 0.0797                                         max =         19

                                                F(26, 344)        =       5.10
corr(u_i, Xb) = 0.1844                          Prob > F          =     0.0000

                            (Std. err. adjusted for 345 clusters in community_ID)
---------------------------------------------------------------------------------
                |               Robust
          grass | Coefficient  std. err.      t    P>|t|     [95% conf. interval]
----------------+----------------------------------------------------------------
       FTAI_old |   .0291191   .0106851     2.73   0.007     .0081027    .0501354
       FTAI_new |   .0219026   .0099649     2.20   0.029     .0023029    .0415024
                |
           year |
          2002  |   .0051118   .0089051     0.57   0.566    -.0124036    .0226272
          2003  |  -.0194353   .0100669    -1.93   0.054    -.0392358    .0003652
          2004  |   -.017245     .01161    -1.49   0.138    -.0400805    .0055904
          2005  |  -.0308762   .0129174    -2.39   0.017    -.0562832   -.0054692
          2006  |  -.0311285   .0131161    -2.37   0.018    -.0569264   -.0053305
          2007  |  -.0313203   .0109006    -2.87   0.004    -.0527606   -.0098801
          2008  |  -.0051371   .0105326    -0.49   0.626    -.0258536    .0155794
          2009  |  -.0476411   .0172855    -2.76   0.006    -.0816398   -.0136425
          2010  |  -.0732663   .0216407    -3.39   0.001     -.115831   -.0307016
          2011  |   -.013412   .0166795    -0.80   0.422    -.0462186    .0193947
          2012  |  -.0279049   .0130489    -2.14   0.033    -.0535706   -.0022392
          2013  |  -.0622115   .0223371    -2.79   0.006    -.1061459   -.0182771
          2014  |  -.0591308   .0178511    -3.31   0.001    -.0942419   -.0240197
          2015  |    -.07288     .01572    -4.64   0.000    -.1037994   -.0419605
          2016  |  -.1205686   .0282319    -4.27   0.000    -.1760976   -.0650397
          2017  |  -.0846973    .030594    -2.77   0.006    -.1448722   -.0245224
          2018  |  -.0896272    .021819    -4.11   0.000    -.1325426   -.0467117
          2019  |  -.0794698   .0187652    -4.23   0.000    -.1163788   -.0425607
                |
lclim_Temp_wi~r |   .0914867   .0685196     1.34   0.183    -.0432834    .2262569
lclim_Temp_su~r |    .335947   .2048031     1.64   0.102    -.0668769    .7387708
lclim_rain_au~n |   .0240947   .0196388     1.23   0.221    -.0145325    .0627219
lclim_rain_wi~r |   .0045875   .0190809     0.24   0.810    -.0329423    .0421173
lclim_rain_sp~g |   .0094566   .0075106     1.26   0.209    -.0053159    .0242291
lclim_rain_su~r |  -.0105665   .0054821    -1.93   0.055    -.0213492    .0002162
          _cons |  -.9480023   .6657561    -1.42   0.155    -2.257467    .3614629
----------------+----------------------------------------------------------------
        sigma_u |  .29623201
        sigma_e |  .08716774
            rho |  .92031374   (fraction of variance due to u_i)
---------------------------------------------------------------------------------

added scalar:
           e(clusters) =  345

added scalar:
              e(plots) =  1503

    Variable |        Obs        Mean    Std. dev.       Min        Max
-------------+---------------------------------------------------------
       grass |     28,557    .4655056    .3160108          0          1

added scalar:
        e(mean_depvar) =  .46550565

Fixed-effects (within) regression               Number of obs     =     28,557
Group variable: objectid                        Number of groups  =      1,503

R-squared:                                      Obs per group:
     Within  = 0.0115                                         min =         19
     Between = 0.0019                                         avg =       19.0
     Overall = 0.0002                                         max =         19

                                                F(26, 344)        =       5.25
corr(u_i, Xb) = -0.0248                         Prob > F          =     0.0000

                            (Std. err. adjusted for 345 clusters in community_ID)
---------------------------------------------------------------------------------
                |               Robust
           crop | Coefficient  std. err.      t    P>|t|     [95% conf. interval]
----------------+----------------------------------------------------------------
       FTAI_old |  -.0014601   .0123876    -0.12   0.906    -.0258251    .0229049
       FTAI_new |  -.0069946   .0124598    -0.56   0.575    -.0315016    .0175124
                |
           year |
          2002  |   .0038668   .0077987     0.50   0.620    -.0114723     .019206
          2003  |   .0120465   .0090356     1.33   0.183    -.0057254    .0298185
          2004  |   .0051355   .0103813     0.49   0.621    -.0152832    .0255543
          2005  |   .0077227   .0076093     1.01   0.311     -.007244    .0226894
          2006  |  -.0001338   .0067749    -0.02   0.984    -.0134592    .0131916
          2007  |   .0027999   .0099842     0.28   0.779    -.0168378    .0224376
          2008  |  -.0040633   .0112275    -0.36   0.718    -.0261465    .0180198
          2009  |   .0047561   .0130195     0.37   0.715    -.0208517    .0303639
          2010  |   .0023414   .0104847     0.22   0.823    -.0182809    .0229636
          2011  |  -.0070216   .0200253    -0.35   0.726     -.046409    .0323659
          2012  |  -.0110336   .0174604    -0.63   0.528    -.0453761    .0233089
          2013  |  -.0051118   .0148675    -0.34   0.731    -.0343543    .0241308
          2014  |    .001651    .019797     0.08   0.934    -.0372875    .0405895
          2015  |   .0137913    .019503     0.71   0.480    -.0245687    .0521514
          2016  |    .024581   .0278132     0.88   0.377    -.0301242    .0792863
          2017  |   .0237892   .0313684     0.76   0.449    -.0379088    .0854872
          2018  |     .02089   .0176912     1.18   0.238    -.0139064    .0556865
          2019  |   .0193787   .0194644     1.00   0.320    -.0189054    .0576629
                |
lclim_Temp_wi~r |  -.0178611   .0623363    -0.29   0.775    -.1404695    .1047472
lclim_Temp_su~r |  -.0371022    .107993    -0.34   0.731    -.2495119    .1753074
lclim_rain_au~n |   .0033061   .0193407     0.17   0.864    -.0347348     .041347
lclim_rain_wi~r |  -.0132767   .0200911    -0.66   0.509    -.0527936    .0262402
lclim_rain_sp~g |  -.0069585   .0063709    -1.09   0.275    -.0194894    .0055724
lclim_rain_su~r |    .000931   .0052617     0.18   0.860    -.0094182    .0112803
          _cons |   .3463773   .2936406     1.18   0.239    -.2311796    .9239343
----------------+----------------------------------------------------------------
        sigma_u |  .21177314
        sigma_e |  .07121121
            rho |   .8984145   (fraction of variance due to u_i)
---------------------------------------------------------------------------------

added scalar:
           e(clusters) =  345

added scalar:
              e(plots) =  1503

    Variable |        Obs        Mean    Std. dev.       Min        Max
-------------+---------------------------------------------------------
        crop |     28,557    .1084882    .2227119          0          1

added scalar:
        e(mean_depvar) =  .10848817

Fixed-effects (within) regression               Number of obs     =     28,557
Group variable: objectid                        Number of groups  =      1,503

R-squared:                                      Obs per group:
     Within  = 0.0305                                         min =         19
     Between = 0.1212                                         avg =       19.0
     Overall = 0.0861                                         max =         19

                                                F(26, 344)        =      11.22
corr(u_i, Xb) = -0.4170                         Prob > F          =     0.0000

                            (Std. err. adjusted for 345 clusters in community_ID)
---------------------------------------------------------------------------------
                |               Robust
        natural | Coefficient  std. err.      t    P>|t|     [95% conf. interval]
----------------+----------------------------------------------------------------
       FTAI_old |  -.0029937    .007166    -0.42   0.676    -.0170884    .0111009
       FTAI_new |   .0006041   .0051439     0.12   0.907    -.0095133    .0107215
                |
           year |
          2002  |   .0216484   .0070516     3.07   0.002     .0077788    .0355181
          2003  |  -.0448206   .0088131    -5.09   0.000     -.062155   -.0274862
          2004  |  -.0223816    .006597    -3.39   0.001    -.0353572   -.0094061
          2005  |  -.0315292   .0075367    -4.18   0.000     -.046353   -.0167054
          2006  |  -.0369061    .008291    -4.45   0.000    -.0532135   -.0205986
          2007  |  -.0131663   .0045316    -2.91   0.004    -.0220795   -.0042531
          2008  |   .0151712   .0079629     1.91   0.058    -.0004908    .0308333
          2009  |     .00582   .0132242     0.44   0.660    -.0201904    .0318304
          2010  |  -.0307296   .0170708    -1.80   0.073    -.0643059    .0028466
          2011  |   .0140409   .0098672     1.42   0.156    -.0053668    .0334486
          2012  |   .0132443     .00752     1.76   0.079    -.0015467    .0280354
          2013  |  -.0561418    .019197    -2.92   0.004    -.0939002   -.0183834
          2014  |  -.0056809   .0133395    -0.43   0.670    -.0319181    .0205563
          2015  |  -.0111342   .0117755    -0.95   0.345    -.0342953     .012027
          2016  |   .0132627   .0173965     0.76   0.446    -.0209541    .0474795
          2017  |  -.0060719    .018055    -0.34   0.737    -.0415841    .0294402
          2018  |  -.0148802    .014695    -1.01   0.312    -.0437837    .0140232
          2019  |  -.0197368   .0095515    -2.07   0.040    -.0385234   -.0009501
                |
lclim_Temp_wi~r |   .0785621   .0541437     1.45   0.148    -.0279323    .1850565
lclim_Temp_su~r |    .357351   .1823346     1.96   0.051    -.0012801     .715982
lclim_rain_au~n |   .0268348   .0128878     2.08   0.038     .0014861    .0521835
lclim_rain_wi~r |  -.0515244   .0178623    -2.88   0.004    -.0866575   -.0163912
lclim_rain_sp~g |   .0256193   .0071441     3.59   0.000     .0115678    .0396709
lclim_rain_su~r |    .013714   .0036982     3.71   0.000     .0064401    .0209878
          _cons |   -1.14045   .6476862    -1.76   0.079    -2.414373     .133474
----------------+----------------------------------------------------------------
        sigma_u |    .242437
        sigma_e |  .06603739
            rho |  .93092859   (fraction of variance due to u_i)
---------------------------------------------------------------------------------

added scalar:
           e(clusters) =  345

added scalar:
              e(plots) =  1503

    Variable |        Obs        Mean    Std. dev.       Min        Max
-------------+---------------------------------------------------------
     natural |     28,557    .2080184    .2400281          0          1

added scalar:
        e(mean_depvar) =  .20801844

Fixed-effects (within) regression               Number of obs     =     28,557
Group variable: objectid                        Number of groups  =      1,503

R-squared:                                      Obs per group:
     Within  = 0.0520                                         min =         19
     Between = 0.1012                                         avg =       19.0
     Overall = 0.0927                                         max =         19

                                                F(26, 344)        =       9.15
corr(u_i, Xb) = 0.0311                          Prob > F          =     0.0000

                            (Std. err. adjusted for 345 clusters in community_ID)
---------------------------------------------------------------------------------
                |               Robust
     plantation | Coefficient  std. err.      t    P>|t|     [95% conf. interval]
----------------+----------------------------------------------------------------
       FTAI_old |  -.0307887   .0141688    -2.17   0.030    -.0586572   -.0029203
       FTAI_new |  -.0151292   .0083954    -1.80   0.072     -.031642    .0013836
                |
           year |
          2002  |  -.0469358   .0149087    -3.15   0.002    -.0762596   -.0176121
          2003  |   .0740146   .0135354     5.47   0.000      .047392    .1006372
          2004  |   .0383277   .0112252     3.41   0.001      .016249    .0604064
          2005  |   .0694321   .0158999     4.37   0.000     .0381588    .1007055
          2006  |    .083871   .0186881     4.49   0.000     .0471136    .1206284
          2007  |   .0572087   .0104115     5.49   0.000     .0367306    .0776869
          2008  |  -.0170385   .0136087    -1.25   0.211    -.0438053    .0097283
          2009  |   .0200894    .026384     0.76   0.447    -.0318049    .0719837
          2010  |   .1095093   .0401283     2.73   0.007     .0305816    .1884369
          2011  |  -.0253775   .0233718    -1.09   0.278    -.0713471     .020592
          2012  |  -.0326086   .0136786    -2.38   0.018    -.0595128   -.0057044
          2013  |   .1404347   .0393736     3.57   0.000     .0629914    .2178779
          2014  |   .0532396   .0231255     2.30   0.022     .0077544    .0987247
          2015  |   .0598117   .0226224     2.64   0.009      .015316    .1043073
          2016  |   .0876831   .0354234     2.48   0.014     .0180093    .1573569
          2017  |   .0662313   .0311409     2.13   0.034     .0049808    .1274819
          2018  |    .090491   .0340512     2.66   0.008     .0235162    .1574658
          2019  |   .0906208   .0210655     4.30   0.000     .0491873    .1320542
                |
lclim_Temp_wi~r |  -.1593519   .0631408    -2.52   0.012    -.2835426   -.0351611
lclim_Temp_su~r |  -.8356332   .4419473    -1.89   0.059    -1.704892    .0336259
lclim_rain_au~n |  -.0665749   .0273572    -2.43   0.015    -.1203833   -.0127665
lclim_rain_wi~r |   .0742508   .0275385     2.70   0.007     .0200857    .1284159
lclim_rain_sp~g |  -.0549706    .012094    -4.55   0.000    -.0787581    -.031183
lclim_rain_su~r |  -.0010307   .0050565    -0.20   0.839    -.0109763    .0089148
          _cons |   3.346528   1.456619     2.30   0.022     .4815265    6.211529
----------------+----------------------------------------------------------------
        sigma_u |  .21545205
        sigma_e |  .10272256
            rho |  .81478594   (fraction of variance due to u_i)
---------------------------------------------------------------------------------

added scalar:
           e(clusters) =  345

added scalar:
              e(plots) =  1503

    Variable |        Obs        Mean    Std. dev.       Min        Max
-------------+---------------------------------------------------------
  plantation |     28,557    .1452361    .2491817          0          1

added scalar:
        e(mean_depvar) =  .1452361

. 
. esttab twfe_old_* using "results/TWFE_appendixA14_C.tex", $esttab_options scalar
> s(mean_depvar clusters plots)  replace keep(FTAI*) se b(%9.3f) se(%9.3f)
(file results/TWFE_appendixA14_C.tex not found)
(output written to results/TWFE_appendixA14_C.tex)

. 
. 
. ** Panel D
. 
. foreach buffer in 500m 1km 2km{
  2.         cap gen FTAI_conflict90_plot_`buffer'=FTAI*conflict90_plot_`buffer'
  3. }

. 
. estimates clear

. foreach var of varlist grass crop natural plantation{
  2. xtreg `var'  FTAI  FTAI_conflict90_plot_2km i.year lclim_*, fe vce(cluster co
> mmunity_ID)
  3. estadd scalar clusters= e(N_clust)
  4. estadd scalar plots= e(N_g)
  5. sum `var' if e(sample)
  6. estadd scalar mean_depvar= r(mean)
  7. est sto twfe_confl_`var'
  8. 
. }

Fixed-effects (within) regression               Number of obs     =     29,963
Group variable: objectid                        Number of groups  =      1,577

R-squared:                                      Obs per group:
     Within  = 0.0548                                         min =         19
     Between = 0.1048                                         avg =       19.0
     Overall = 0.0822                                         max =         19

                                                F(26, 366)        =       5.09
corr(u_i, Xb) = 0.1932                          Prob > F          =     0.0000

                            (Std. err. adjusted for 367 clusters in community_ID)
---------------------------------------------------------------------------------
                |               Robust
          grass | Coefficient  std. err.      t    P>|t|     [95% conf. interval]
----------------+----------------------------------------------------------------
           FTAI |   .0247447   .0081628     3.03   0.003     .0086928    .0407967
FTAI_confli~2km |  -.0031442   .0136807    -0.23   0.818    -.0300469    .0237585
                |
           year |
          2002  |   .0062531   .0086208     0.73   0.469    -.0106995    .0232056
          2003  |  -.0203356   .0103962    -1.96   0.051    -.0407793    .0001081
          2004  |  -.0176443   .0112435    -1.57   0.117    -.0397543    .0044656
          2005  |   -.031228   .0128356    -2.43   0.015    -.0564688   -.0059873
          2006  |  -.0308764   .0126452    -2.44   0.015    -.0557427   -.0060101
          2007  |   -.031588   .0106642    -2.96   0.003    -.0525589   -.0106172
          2008  |  -.0061131   .0101561    -0.60   0.548    -.0260848    .0138586
          2009  |  -.0460261   .0170042    -2.71   0.007    -.0794642   -.0125879
          2010  |  -.0725847    .021359    -3.40   0.001    -.1145865   -.0305829
          2011  |   -.014587   .0161652    -0.90   0.367    -.0463754    .0172013
          2012  |   -.027529   .0124525    -2.21   0.028    -.0520164   -.0030416
          2013  |  -.0625734   .0217568    -2.88   0.004    -.1053573   -.0197894
          2014  |  -.0574032   .0171364    -3.35   0.001    -.0911014    -.023705
          2015  |  -.0704902   .0153024    -4.61   0.000    -.1005819   -.0403985
          2016  |  -.1166178   .0273898    -4.26   0.000     -.170479   -.0627567
          2017  |   -.083511   .0300568    -2.78   0.006    -.1426167   -.0244054
          2018  |   -.087951    .021388    -4.11   0.000    -.1300098   -.0458922
          2019  |   -.078433    .018295    -4.29   0.000    -.1144094   -.0424565
                |
lclim_Temp_wi~r |   .0894575   .0664548     1.35   0.179    -.0412237    .2201387
lclim_Temp_su~r |   .3238821   .1995896     1.62   0.106    -.0686042    .7163684
lclim_rain_au~n |   .0230409   .0189468     1.22   0.225    -.0142173    .0602991
lclim_rain_wi~r |   .0029217    .018319     0.16   0.873     -.033102    .0389454
lclim_rain_sp~g |   .0103658   .0075114     1.38   0.168    -.0044051    .0251366
lclim_rain_su~r |  -.0100206   .0050917    -1.97   0.050    -.0200333   -7.92e-06
          _cons |  -.8974178   .6490662    -1.38   0.168    -2.173785    .3789493
----------------+----------------------------------------------------------------
        sigma_u |  .29872314
        sigma_e |  .08663626
            rho |   .9224133   (fraction of variance due to u_i)
---------------------------------------------------------------------------------

added scalar:
           e(clusters) =  367

added scalar:
              e(plots) =  1577

    Variable |        Obs        Mean    Std. dev.       Min        Max
-------------+---------------------------------------------------------
       grass |     29,963    .4646195    .3182609          0          1

added scalar:
        e(mean_depvar) =  .46461949

Fixed-effects (within) regression               Number of obs     =     29,963
Group variable: objectid                        Number of groups  =      1,577

R-squared:                                      Obs per group:
     Within  = 0.0110                                         min =         19
     Between = 0.0017                                         avg =       19.0
     Overall = 0.0002                                         max =         19

                                                F(26, 366)        =       4.94
corr(u_i, Xb) = -0.0233                         Prob > F          =     0.0000

                            (Std. err. adjusted for 367 clusters in community_ID)
---------------------------------------------------------------------------------
                |               Robust
           crop | Coefficient  std. err.      t    P>|t|     [95% conf. interval]
----------------+----------------------------------------------------------------
           FTAI |  -.0033753   .0111127    -0.30   0.762    -.0252281    .0184774
FTAI_confli~2km |  -.0026421   .0084104    -0.31   0.754     -.019181    .0138967
                |
           year |
          2002  |   .0038283   .0074318     0.52   0.607    -.0107861    .0184426
          2003  |   .0112153   .0089104     1.26   0.209    -.0063067    .0287373
          2004  |   .0040445   .0097554     0.41   0.679    -.0151391    .0232281
          2005  |   .0070153   .0072987     0.96   0.337    -.0073373     .021368
          2006  |  -.0003813   .0063458    -0.06   0.952    -.0128602    .0120975
          2007  |   .0025329   .0096021     0.26   0.792    -.0163493    .0214151
          2008  |  -.0044022   .0107544    -0.41   0.683    -.0255504    .0167459
          2009  |   .0045292   .0124267     0.36   0.716    -.0199074    .0289658
          2010  |   .0015193   .0100379     0.15   0.880    -.0182199    .0212585
          2011  |  -.0076859   .0192112    -0.40   0.689    -.0454641    .0300922
          2012  |  -.0108421   .0166586    -0.65   0.516    -.0436008    .0219166
          2013  |  -.0052883   .0142225    -0.37   0.710    -.0332564    .0226798
          2014  |   .0012878   .0188962     0.07   0.946    -.0358711    .0384466
          2015  |    .013357   .0185716     0.72   0.472    -.0231634    .0498774
          2016  |   .0223631   .0260895     0.86   0.392    -.0289411    .0736673
          2017  |   .0215604   .0299822     0.72   0.473    -.0373986    .0805194
          2018  |   .0197138   .0168993     1.17   0.244    -.0135181    .0529458
          2019  |   .0180687    .018548     0.97   0.331    -.0184053    .0545428
                |
lclim_Temp_wi~r |  -.0164635   .0601194    -0.27   0.784    -.1346863    .1017592
lclim_Temp_su~r |  -.0396914   .1033602    -0.38   0.701    -.2429459     .163563
lclim_rain_au~n |   .0026804   .0184499     0.15   0.885    -.0336006    .0389614
lclim_rain_wi~r |  -.0131573   .0189889    -0.69   0.489    -.0504984    .0241838
lclim_rain_sp~g |  -.0062942   .0062634    -1.00   0.316     -.018611    .0060226
lclim_rain_su~r |   .0005066   .0047876     0.11   0.916     -.008908    .0099213
          _cons |    .350099   .2805869     1.25   0.213    -.2016659    .9018638
----------------+----------------------------------------------------------------
        sigma_u |  .21021623
        sigma_e |  .06985627
            rho |  .90055386   (fraction of variance due to u_i)
---------------------------------------------------------------------------------

added scalar:
           e(clusters) =  367

added scalar:
              e(plots) =  1577

    Variable |        Obs        Mean    Std. dev.       Min        Max
-------------+---------------------------------------------------------
        crop |     29,963    .1060963    .2208358          0          1

added scalar:
        e(mean_depvar) =  .10609629

Fixed-effects (within) regression               Number of obs     =     29,963
Group variable: objectid                        Number of groups  =      1,577

R-squared:                                      Obs per group:
     Within  = 0.0307                                         min =         19
     Between = 0.1252                                         avg =       19.0
     Overall = 0.0877                                         max =         19

                                                F(26, 366)        =      12.17
corr(u_i, Xb) = -0.4175                         Prob > F          =     0.0000

                            (Std. err. adjusted for 367 clusters in community_ID)
---------------------------------------------------------------------------------
                |               Robust
        natural | Coefficient  std. err.      t    P>|t|     [95% conf. interval]
----------------+----------------------------------------------------------------
           FTAI |    -.00136   .0045492    -0.30   0.765    -.0103058    .0075858
FTAI_confli~2km |  -.0104196   .0160266    -0.65   0.516    -.0419354    .0210962
                |
           year |
          2002  |   .0212094   .0067789     3.13   0.002      .007879    .0345398
          2003  |  -.0446471   .0088728    -5.03   0.000    -.0620952    -.027199
          2004  |  -.0225253    .006544    -3.44   0.001     -.035394   -.0096567
          2005  |  -.0313966   .0076619    -4.10   0.000    -.0464635   -.0163297
          2006  |  -.0363527   .0080187    -4.53   0.000    -.0521212   -.0205841
          2007  |  -.0134292   .0044239    -3.04   0.003    -.0221287   -.0047298
          2008  |   .0162744   .0076084     2.14   0.033     .0013127    .0312361
          2009  |   .0073804   .0128806     0.57   0.567    -.0179489    .0327097
          2010  |  -.0286124   .0170513    -1.68   0.094    -.0621433    .0049184
          2011  |   .0138886   .0092591     1.50   0.134     -.004319    .0320962
          2012  |   .0137436    .007076     1.94   0.053    -.0001711    .0276582
          2013  |  -.0550836   .0184932    -2.98   0.003    -.0914498   -.0187175
          2014  |  -.0044821   .0128232    -0.35   0.727    -.0296986    .0207344
          2015  |   -.009897   .0114104    -0.87   0.386    -.0323351    .0125412
          2016  |   .0164638   .0172009     0.96   0.339    -.0173612    .0502889
          2017  |  -.0040856   .0181315    -0.23   0.822    -.0397405    .0315694
          2018  |  -.0125406   .0145412    -0.86   0.389    -.0411354    .0160542
          2019  |   -.017986   .0093599    -1.92   0.055    -.0363918    .0004199
                |
lclim_Temp_wi~r |   .0823373   .0533178     1.54   0.123    -.0225103     .187185
lclim_Temp_su~r |   .3410881   .1768076     1.93   0.054    -.0065982    .6887743
lclim_rain_au~n |   .0266067   .0123617     2.15   0.032     .0022979    .0509156
lclim_rain_wi~r |  -.0507778   .0168748    -3.01   0.003    -.0839616    -.017594
lclim_rain_sp~g |   .0258672   .0070172     3.69   0.000     .0120681    .0396662
lclim_rain_su~r |   .0141951   .0035503     4.00   0.000     .0072135    .0211767
          _cons |  -1.106284   .6275553    -1.76   0.079    -2.340351    .1277825
----------------+----------------------------------------------------------------
        sigma_u |  .24310175
        sigma_e |  .06653145
            rho |  .93031971   (fraction of variance due to u_i)
---------------------------------------------------------------------------------

added scalar:
           e(clusters) =  367

added scalar:
              e(plots) =  1577

    Variable |        Obs        Mean    Std. dev.       Min        Max
-------------+---------------------------------------------------------
     natural |     29,963    .2070315    .2409382          0          1

added scalar:
        e(mean_depvar) =  .20703149

Fixed-effects (within) regression               Number of obs     =     29,963
Group variable: objectid                        Number of groups  =      1,577

R-squared:                                      Obs per group:
     Within  = 0.0502                                         min =         19
     Between = 0.0996                                         avg =       19.0
     Overall = 0.0913                                         max =         19

                                                F(26, 366)        =       8.82
corr(u_i, Xb) = 0.0385                          Prob > F          =     0.0000

                            (Std. err. adjusted for 367 clusters in community_ID)
---------------------------------------------------------------------------------
                |               Robust
     plantation | Coefficient  std. err.      t    P>|t|     [95% conf. interval]
----------------+----------------------------------------------------------------
           FTAI |  -.0231587   .0088468    -2.62   0.009    -.0405557   -.0057616
FTAI_confli~2km |   .0171712    .023377     0.73   0.463    -.0287989    .0631413
                |
           year |
          2002  |  -.0470071   .0142732    -3.29   0.001    -.0750748   -.0189394
          2003  |   .0766581   .0144504     5.30   0.000      .048242    .1050742
          2004  |   .0424116   .0112609     3.77   0.000     .0202674    .0645558
          2005  |   .0726009   .0165284     4.39   0.000     .0400983    .1051034
          2006  |   .0832527   .0183552     4.54   0.000     .0471579    .1193475
          2007  |   .0597509   .0106338     5.62   0.000     .0388398    .0806619
          2008  |  -.0164148   .0130664    -1.26   0.210    -.0421094    .0092799
          2009  |   .0176626   .0261561     0.68   0.500    -.0337725    .0690976
          2010  |   .1088112   .0403565     2.70   0.007     .0294515    .1881708
          2011  |  -.0222067   .0223881    -0.99   0.322    -.0662322    .0218188
          2012  |  -.0329647   .0128627    -2.56   0.011    -.0582587   -.0076707
          2013  |   .1412902   .0381351     3.70   0.000     .0662989    .2162816
          2014  |   .0522144   .0221071     2.36   0.019     .0087416    .0956872
          2015  |   .0583322   .0218062     2.68   0.008      .015451    .1012134
          2016  |   .0832359   .0363298     2.29   0.023     .0117945    .1546773
          2017  |   .0708012   .0323121     2.19   0.029     .0072606    .1343418
          2018  |   .0900096   .0340481     2.64   0.009     .0230551    .1569641
          2019  |   .0915868    .020937     4.37   0.000     .0504149    .1327587
                |
lclim_Temp_wi~r |  -.1858633    .063175    -2.94   0.003    -.3100947   -.0616318
lclim_Temp_su~r |  -.8019503   .4344009    -1.85   0.066    -1.656185    .0522846
lclim_rain_au~n |  -.0620715   .0259797    -2.39   0.017    -.1131598   -.0109831
lclim_rain_wi~r |   .0760816   .0253371     3.00   0.003     .0262571    .1259061
lclim_rain_sp~g |  -.0572276   .0119946    -4.77   0.000    -.0808147   -.0336406
lclim_rain_su~r |  -.0022438   .0050263    -0.45   0.656    -.0121277    .0076402
          _cons |   3.296879   1.432114     2.30   0.022     .4806736    6.113085
----------------+----------------------------------------------------------------
        sigma_u |  .22085857
        sigma_e |  .10382989
            rho |  .81899264   (fraction of variance due to u_i)
---------------------------------------------------------------------------------

added scalar:
           e(clusters) =  367

added scalar:
              e(plots) =  1577

    Variable |        Obs        Mean    Std. dev.       Min        Max
-------------+---------------------------------------------------------
  plantation |     29,963    .1498073    .2545519          0          1

added scalar:
        e(mean_depvar) =  .14980728

. 
. esttab twfe_confl_* using "results/TWFE_appendixA14_D.tex", $esttab_options repl
> ace scalars(mean_depvar clusters plots)  keep(FTAI*) se b(%9.3f) se(%9.3f)
(file results/TWFE_appendixA14_D.tex not found)
(output written to results/TWFE_appendixA14_D.tex)

. 
. 
. ** Panel E
. 
. foreach buffer in 500m 1km 2km{
  2.         cap gen FTAI_conflict90_pj_`buffer'=FTAI*conflict90_pj_`buffer'
  3. }

. 
. estimates clear

. foreach var of varlist grass crop natural plantation{
  2. xtreg `var'  FTAI  FTAI_conflict90_pj_2km  i.year lclim_*, fe vce(cluster com
> munity_ID)
  3. estadd scalar clusters= e(N_clust)
  4. estadd scalar plots= e(N_g)
  5. sum `var' if e(sample)
  6. estadd scalar mean_depvar= r(mean)
  7. est sto twfe_conflpj_`var'
  8. 
. }

Fixed-effects (within) regression               Number of obs     =     29,963
Group variable: objectid                        Number of groups  =      1,577

R-squared:                                      Obs per group:
     Within  = 0.0550                                         min =         19
     Between = 0.1052                                         avg =       19.0
     Overall = 0.0824                                         max =         19

                                                F(26, 366)        =       5.20
corr(u_i, Xb) = 0.1935                          Prob > F          =     0.0000

                            (Std. err. adjusted for 367 clusters in community_ID)
---------------------------------------------------------------------------------
                |               Robust
          grass | Coefficient  std. err.      t    P>|t|     [95% conf. interval]
----------------+----------------------------------------------------------------
           FTAI |   .0254024   .0079982     3.18   0.002     .0096742    .0411306
FTAI_conf~j_2km |  -.0117006   .0133565    -0.88   0.382    -.0379658    .0145646
                |
           year |
          2002  |    .006155   .0086275     0.71   0.476    -.0108107    .0231208
          2003  |  -.0198893   .0104387    -1.91   0.058    -.0404166     .000638
          2004  |  -.0174177   .0112353    -1.55   0.122    -.0395116    .0046762
          2005  |  -.0309538   .0128888    -2.40   0.017    -.0562991   -.0056084
          2006  |  -.0309372   .0126362    -2.45   0.015     -.055786   -.0060885
          2007  |  -.0315553   .0106844    -2.95   0.003    -.0525659   -.0105447
          2008  |   -.005927   .0102762    -0.58   0.564    -.0261348    .0142807
          2009  |   -.045905   .0170262    -2.70   0.007    -.0793865   -.0124236
          2010  |   -.072162   .0214868    -3.36   0.001    -.1144151   -.0299089
          2011  |   -.014397   .0162303    -0.89   0.376    -.0463132    .0175193
          2012  |  -.0275922    .012491    -2.21   0.028    -.0521553   -.0030292
          2013  |  -.0623569   .0218579    -2.85   0.005    -.1053398   -.0193741
          2014  |  -.0573315   .0172085    -3.33   0.001    -.0911715   -.0234915
          2015  |  -.0704223   .0152848    -4.61   0.000    -.1004794   -.0403652
          2016  |   -.116173    .027529    -4.22   0.000    -.1703079   -.0620382
          2017  |  -.0825482   .0302549    -2.73   0.007    -.1420434    -.023053
          2018  |  -.0875033    .021497    -4.07   0.000    -.1297765   -.0452301
          2019  |   -.078048   .0183921    -4.24   0.000    -.1142155   -.0418805
                |
lclim_Temp_wi~r |   .0891976   .0666259     1.34   0.181      -.04182    .2202152
lclim_Temp_su~r |   .3214845   .2003207     1.60   0.109    -.0724395    .7154084
lclim_rain_au~n |   .0236385   .0189555     1.25   0.213    -.0136368    .0609138
lclim_rain_wi~r |   .0030497   .0184919     0.16   0.869    -.0333139    .0394134
lclim_rain_sp~g |   .0101218   .0074827     1.35   0.177    -.0045927    .0248363
lclim_rain_su~r |  -.0099707   .0050845    -1.96   0.051    -.0199692    .0000278
          _cons |  -.8924171   .6526617    -1.37   0.172    -2.175855    .3910203
----------------+----------------------------------------------------------------
        sigma_u |  .29871718
        sigma_e |  .08662441
            rho |  .92243004   (fraction of variance due to u_i)
---------------------------------------------------------------------------------

added scalar:
           e(clusters) =  367

added scalar:
              e(plots) =  1577

    Variable |        Obs        Mean    Std. dev.       Min        Max
-------------+---------------------------------------------------------
       grass |     29,963    .4646195    .3182609          0          1

added scalar:
        e(mean_depvar) =  .46461949

Fixed-effects (within) regression               Number of obs     =     29,963
Group variable: objectid                        Number of groups  =      1,577

R-squared:                                      Obs per group:
     Within  = 0.0112                                         min =         19
     Between = 0.0022                                         avg =       19.0
     Overall = 0.0001                                         max =         19

                                                F(26, 366)        =       4.96
corr(u_i, Xb) = -0.0258                         Prob > F          =     0.0000

                            (Std. err. adjusted for 367 clusters in community_ID)
---------------------------------------------------------------------------------
                |               Robust
           crop | Coefficient  std. err.      t    P>|t|     [95% conf. interval]
----------------+----------------------------------------------------------------
           FTAI |  -.0044921   .0109438    -0.41   0.682    -.0260128    .0170286
FTAI_conf~j_2km |   .0072916   .0099726     0.73   0.465    -.0123192    .0269023
                |
           year |
          2002  |   .0037857   .0074156     0.51   0.610    -.0107968    .0183681
          2003  |   .0108594   .0088816     1.22   0.222     -.006606    .0283248
          2004  |   .0041751   .0097046     0.43   0.667    -.0149086    .0232588
          2005  |   .0068933   .0072793     0.95   0.344    -.0074211    .0212077
          2006  |  -.0004213    .006369    -0.07   0.947    -.0129457    .0121031
          2007  |   .0023097   .0095992     0.24   0.810    -.0165667    .0211862
          2008  |  -.0041824   .0107374    -0.39   0.697     -.025297    .0169323
          2009  |   .0041738   .0124415     0.34   0.737     -.020292    .0286397
          2010  |    .001071   .0100677     0.11   0.915    -.0187267    .0208688
          2011  |  -.0073534    .019278    -0.38   0.703    -.0452628    .0305561
          2012  |  -.0106478   .0166697    -0.64   0.523    -.0434283    .0221327
          2013  |  -.0051667   .0142681    -0.36   0.717    -.0332245    .0228911
          2014  |   .0014325   .0189103     0.08   0.940     -.035754     .038619
          2015  |   .0131213   .0185457     0.71   0.480    -.0233481    .0495908
          2016  |   .0219199   .0261286     0.84   0.402     -.029461    .0733009
          2017  |   .0213763   .0300267     0.71   0.477    -.0376702    .0804229
          2018  |   .0193659   .0169054     1.15   0.253    -.0138781    .0526099
          2019  |   .0179738   .0185859     0.97   0.334    -.0185748    .0545224
                |
lclim_Temp_wi~r |  -.0159108   .0601377    -0.26   0.791    -.1341696    .1023479
lclim_Temp_su~r |  -.0344373   .1037625    -0.33   0.740    -.2384828    .1696082
lclim_rain_au~n |   .0027521   .0184831     0.15   0.882    -.0335942    .0390984
lclim_rain_wi~r |  -.0125218   .0189224    -0.66   0.509    -.0497321    .0246885
lclim_rain_sp~g |  -.0061328   .0062492    -0.98   0.327    -.0184217     .006156
lclim_rain_su~r |   .0005305   .0047738     0.11   0.912     -.008857    .0099179
          _cons |   .3278564    .282472     1.16   0.247    -.2276154    .8833283
----------------+----------------------------------------------------------------
        sigma_u |  .21023698
        sigma_e |  .06985109
            rho |  .90058482   (fraction of variance due to u_i)
---------------------------------------------------------------------------------

added scalar:
           e(clusters) =  367

added scalar:
              e(plots) =  1577

    Variable |        Obs        Mean    Std. dev.       Min        Max
-------------+---------------------------------------------------------
        crop |     29,963    .1060963    .2208358          0          1

added scalar:
        e(mean_depvar) =  .10609629

Fixed-effects (within) regression               Number of obs     =     29,963
Group variable: objectid                        Number of groups  =      1,577

R-squared:                                      Obs per group:
     Within  = 0.0302                                         min =         19
     Between = 0.1236                                         avg =       19.0
     Overall = 0.0871                                         max =         19

                                                F(26, 366)        =      11.80
corr(u_i, Xb) = -0.4168                         Prob > F          =     0.0000

                            (Std. err. adjusted for 367 clusters in community_ID)
---------------------------------------------------------------------------------
                |               Robust
        natural | Coefficient  std. err.      t    P>|t|     [95% conf. interval]
----------------+----------------------------------------------------------------
           FTAI |  -.0027305   .0053534    -0.51   0.610    -.0132578    .0077968
FTAI_conf~j_2km |  -.0023618   .0116044    -0.20   0.839    -.0251815     .020458
                |
           year |
          2002  |   .0209691   .0068274     3.07   0.002     .0075433    .0343949
          2003  |  -.0447224   .0086618    -5.16   0.000    -.0617554   -.0276893
          2004  |  -.0219015   .0069677    -3.14   0.002    -.0356033   -.0081997
          2005  |  -.0312374   .0076734    -4.07   0.000     -.046327   -.0161479
          2006  |  -.0365305   .0079539    -4.59   0.000    -.0521717   -.0208894
          2007  |  -.0138537   .0043715    -3.17   0.002    -.0224501   -.0052573
          2008  |   .0170261     .00829     2.05   0.041      .000724    .0333282
          2009  |   .0068095   .0126281     0.54   0.590    -.0180232    .0316422
          2010  |  -.0289203   .0167167    -1.73   0.084    -.0617931    .0039526
          2011  |    .014886   .0097102     1.53   0.126    -.0042088    .0339808
          2012  |   .0140601    .007226     1.95   0.052    -.0001496    .0282698
          2013  |  -.0544947   .0186573    -2.92   0.004    -.0911836   -.0178058
          2014  |  -.0040648   .0129665    -0.31   0.754    -.0295631    .0214334
          2015  |  -.0102944     .01142    -0.90   0.368    -.0327514    .0121626
          2016  |   .0162006   .0169035     0.96   0.338    -.0170395    .0494408
          2017  |  -.0030067   .0187195    -0.16   0.872    -.0398179    .0338046
          2018  |  -.0125968   .0143666    -0.88   0.381    -.0408482    .0156547
          2019  |  -.0175999   .0095142    -1.85   0.065    -.0363093    .0011095
                |
lclim_Temp_wi~r |   .0831158   .0535906     1.55   0.122    -.0222684    .1884999
lclim_Temp_su~r |   .3485996   .1740242     2.00   0.046     .0063867    .6908125
lclim_rain_au~n |   .0276717   .0128308     2.16   0.032     .0024404     .052903
lclim_rain_wi~r |   -.049231   .0175539    -2.80   0.005    -.0837501   -.0147119
lclim_rain_sp~g |   .0258377   .0069575     3.71   0.000      .012156    .0395193
lclim_rain_su~r |    .014322   .0036335     3.94   0.000     .0071768    .0214672
          _cons |  -1.145946     .62341    -1.84   0.067    -2.371861    .0799692
----------------+----------------------------------------------------------------
        sigma_u |  .24310138
        sigma_e |  .06655007
            rho |  .93028321   (fraction of variance due to u_i)
---------------------------------------------------------------------------------

added scalar:
           e(clusters) =  367

added scalar:
              e(plots) =  1577

    Variable |        Obs        Mean    Std. dev.       Min        Max
-------------+---------------------------------------------------------
     natural |     29,963    .2070315    .2409382          0          1

added scalar:
        e(mean_depvar) =  .20703149

Fixed-effects (within) regression               Number of obs     =     29,963
Group variable: objectid                        Number of groups  =      1,577

R-squared:                                      Obs per group:
     Within  = 0.0496                                         min =         19
     Between = 0.0968                                         avg =       19.0
     Overall = 0.0888                                         max =         19

                                                F(26, 366)        =       8.82
corr(u_i, Xb) = 0.0323                          Prob > F          =     0.0000

                            (Std. err. adjusted for 367 clusters in community_ID)
---------------------------------------------------------------------------------
                |               Robust
     plantation | Coefficient  std. err.      t    P>|t|     [95% conf. interval]
----------------+----------------------------------------------------------------
           FTAI |  -.0205167   .0098189    -2.09   0.037    -.0398252   -.0012082
FTAI_conf~j_2km |    -.00004   .0156996    -0.00   0.998    -.0309128    .0308327
                |
           year |
          2002  |  -.0466201   .0143799    -3.24   0.001    -.0748976   -.0183425
          2003  |   .0769499    .014232     5.41   0.000     .0489633    .1049366
          2004  |   .0413973   .0117694     3.52   0.000     .0182531    .0645414
          2005  |   .0724195   .0166314     4.35   0.000     .0397145    .1051245
          2006  |   .0835433    .018193     4.59   0.000     .0477673    .1193193
          2007  |    .060508   .0105144     5.75   0.000     .0398317    .0811842
          2008  |  -.0176682   .0138255    -1.28   0.202    -.0448555    .0095192
          2009  |   .0187083   .0257578     0.73   0.468    -.0319435    .0693602
          2010  |    .109503   .0400139     2.74   0.007     .0308169    .1881891
          2011  |  -.0238901   .0224695    -1.06   0.288    -.0680757    .0202954
          2012  |  -.0335432   .0129863    -2.58   0.010    -.0590803   -.0080061
          2013  |   .1403335   .0384712     3.65   0.000     .0646812    .2159858
          2014  |   .0515073   .0224234     2.30   0.022     .0074124    .0956022
          2015  |   .0590544   .0217586     2.71   0.007     .0162668     .101842
          2016  |   .0838572   .0359752     2.33   0.020     .0131132    .1546013
          2017  |   .0692512   .0331598     2.09   0.037     .0040437    .1344588
          2018  |   .0902685   .0338974     2.66   0.008     .0236105    .1569265
          2019  |   .0910467   .0211742     4.30   0.000     .0494083    .1326851
                |
lclim_Temp_wi~r |  -.1873232   .0638884    -2.93   0.004    -.3129576   -.0616887
lclim_Temp_su~r |  -.8159983   .4294909    -1.90   0.058    -1.660578    .0285813
lclim_rain_au~n |  -.0637276   .0260617    -2.45   0.015    -.1149771   -.0124782
lclim_rain_wi~r |   .0734112   .0268068     2.74   0.006     .0206965    .1261258
lclim_rain_sp~g |  -.0572631   .0119669    -4.79   0.000    -.0807957   -.0337306
lclim_rain_su~r |  -.0024487   .0051661    -0.47   0.636    -.0126078    .0077103
          _cons |   3.368313   1.418069     2.38   0.018     .5797279    6.156898
----------------+----------------------------------------------------------------
        sigma_u |  .22115561
        sigma_e |  .10386352
            rho |  .81929491   (fraction of variance due to u_i)
---------------------------------------------------------------------------------

added scalar:
           e(clusters) =  367

added scalar:
              e(plots) =  1577

    Variable |        Obs        Mean    Std. dev.       Min        Max
-------------+---------------------------------------------------------
  plantation |     29,963    .1498073    .2545519          0          1

added scalar:
        e(mean_depvar) =  .14980728

. 
. esttab twfe_conflpj_* using "results/TWFE_appendixA14_E.tex", $esttab_options re
> place scalars(mean_depvar clusters plots)  keep(FTAI*) se b(%9.3f) se(%9.3f)
(file results/TWFE_appendixA14_E.tex not found)
(output written to results/TWFE_appendixA14_E.tex)

. 
. 
. 
. ***********************************************************
. ** Table A15: Bacon decomposition
. *********************************************************** 
. 
. foreach var in grass crop natural plantation{
  2. xtdidregress  (`var') (FTAI), group(objectid) time(year) vce(cluster communit
> y_ID)
  3. estat bdecomp, summaryonly
  4. }

Treatment and time information

Time variable: year
Control:       FTAI = 0
Treatment:     FTAI = 1
-----------------------------------
             |   Control  Treatment
-------------+---------------------
Group        |
    objectid |        73       1504
-------------+---------------------
Time         |
     Minimum |      2001       2002
     Maximum |      2001       2019
-----------------------------------

Difference-in-differences regression                    Number of obs = 29,963
Data type: Longitudinal

                         (Std. err. adjusted for 367 clusters in community_ID)
------------------------------------------------------------------------------
             |               Robust
       grass | Coefficient  std. err.      t    P>|t|     [95% conf. interval]
-------------+----------------------------------------------------------------
ATET         |
        FTAI |
   (1 vs 0)  |   .0240062   .0077687     3.09   0.002     .0087293    .0392832
------------------------------------------------------------------------------
Note: ATET estimate adjusted for panel effects and time effects.
Note: Treatment occurs at different times.

DID treatment-effect decomposition

ATET = .0240062                                     Number of obs     = 29,963
                                                    Number of groups  =  1,577
                                                    Number of cohorts =     19

ATET decomposition summary                ATET component                Weight
------------------------------------------------------------------------------
Treated vs never treated                      -.01730593              0.102715
Treated earlier vs later                       .04453814              0.517460
Treated later vs earlier                       .00720622              0.379825
------------------------------------------------------------------------------
Note: Number of cohorts includes never treated.
Note: The ATET reported by xtdidregress is a weighted average of the ATET
      components. If any component is substantially different from the ATET
      reported by xtdidregress and the weight is large, consider accounting for
      treatment-effect heterogeneity by using xthdidregress.

Treatment and time information

Time variable: year
Control:       FTAI = 0
Treatment:     FTAI = 1
-----------------------------------
             |   Control  Treatment
-------------+---------------------
Group        |
    objectid |        73       1504
-------------+---------------------
Time         |
     Minimum |      2001       2002
     Maximum |      2001       2019
-----------------------------------

Difference-in-differences regression                    Number of obs = 29,963
Data type: Longitudinal

                         (Std. err. adjusted for 367 clusters in community_ID)
------------------------------------------------------------------------------
             |               Robust
        crop | Coefficient  std. err.      t    P>|t|     [95% conf. interval]
-------------+----------------------------------------------------------------
ATET         |
        FTAI |
   (1 vs 0)  |  -.0036266   .0108114    -0.34   0.737    -.0248869    .0176336
------------------------------------------------------------------------------
Note: ATET estimate adjusted for panel effects and time effects.
Note: Treatment occurs at different times.

DID treatment-effect decomposition

ATET = -.0036266                                    Number of obs     = 29,963
                                                    Number of groups  =  1,577
                                                    Number of cohorts =     19

ATET decomposition summary                ATET component                Weight
------------------------------------------------------------------------------
Treated vs never treated                       .13393588              0.102715
Treated earlier vs later                      -.02959694              0.517460
Treated later vs earlier                      -.00544612              0.379825
------------------------------------------------------------------------------
Note: Number of cohorts includes never treated.
Note: The ATET reported by xtdidregress is a weighted average of the ATET
      components. If any component is substantially different from the ATET
      reported by xtdidregress and the weight is large, consider accounting for
      treatment-effect heterogeneity by using xthdidregress.

Treatment and time information

Time variable: year
Control:       FTAI = 0
Treatment:     FTAI = 1
-----------------------------------
             |   Control  Treatment
-------------+---------------------
Group        |
    objectid |        73       1504
-------------+---------------------
Time         |
     Minimum |      2001       2002
     Maximum |      2001       2019
-----------------------------------

Difference-in-differences regression                    Number of obs = 29,963
Data type: Longitudinal

                         (Std. err. adjusted for 367 clusters in community_ID)
------------------------------------------------------------------------------
             |               Robust
     natural | Coefficient  std. err.      t    P>|t|     [95% conf. interval]
-------------+----------------------------------------------------------------
ATET         |
        FTAI |
   (1 vs 0)  |   -.002621   .0055074    -0.48   0.634    -.0134511    .0082092
------------------------------------------------------------------------------
Note: ATET estimate adjusted for panel effects and time effects.
Note: Treatment occurs at different times.

DID treatment-effect decomposition

ATET = -.002621                                     Number of obs     = 29,963
                                                    Number of groups  =  1,577
                                                    Number of cohorts =     19

ATET decomposition summary                ATET component                Weight
------------------------------------------------------------------------------
Treated vs never treated                      -.01764257              0.102715
Treated earlier vs later                        .0072784              0.517460
Treated later vs earlier                      -.01204529              0.379825
------------------------------------------------------------------------------
Note: Number of cohorts includes never treated.
Note: The ATET reported by xtdidregress is a weighted average of the ATET
      components. If any component is substantially different from the ATET
      reported by xtdidregress and the weight is large, consider accounting for
      treatment-effect heterogeneity by using xthdidregress.

Treatment and time information

Time variable: year
Control:       FTAI = 0
Treatment:     FTAI = 1
-----------------------------------
             |   Control  Treatment
-------------+---------------------
Group        |
    objectid |        73       1504
-------------+---------------------
Time         |
     Minimum |      2001       2002
     Maximum |      2001       2019
-----------------------------------

Difference-in-differences regression                    Number of obs = 29,963
Data type: Longitudinal

                         (Std. err. adjusted for 367 clusters in community_ID)
------------------------------------------------------------------------------
             |               Robust
  plantation | Coefficient  std. err.      t    P>|t|     [95% conf. interval]
-------------+----------------------------------------------------------------
ATET         |
        FTAI |
   (1 vs 0)  |  -.0205701   .0099367    -2.07   0.039    -.0401103   -.0010299
------------------------------------------------------------------------------
Note: ATET estimate adjusted for panel effects and time effects.
Note: Treatment occurs at different times.

DID treatment-effect decomposition

ATET = -.0205701                                    Number of obs     = 29,963
                                                    Number of groups  =  1,577
                                                    Number of cohorts =     19

ATET decomposition summary                ATET component                Weight
------------------------------------------------------------------------------
Treated vs never treated                      -.08059232              0.102715
Treated earlier vs later                      -.03067786              0.517460
Treated later vs earlier                         .009432              0.379825
------------------------------------------------------------------------------
Note: Number of cohorts includes never treated.
Note: The ATET reported by xtdidregress is a weighted average of the ATET
      components. If any component is substantially different from the ATET
      reported by xtdidregress and the weight is large, consider accounting for
      treatment-effect heterogeneity by using xthdidregress.

. 
. 
. ***********************************************************
. ** Table B5: EVI Validation
. *********************************************************** 
. 
. * Column 1
. preserve

. use "data/EVI_validation.dta", replace

. sum ln_EVI_crop, d

                         ln_EVI_crop
-------------------------------------------------------------
      Percentiles      Smallest
 1%    -1.651677      -3.479926
 5%    -.7534959      -3.121298
10%    -.5131992      -2.537999       Obs                 514
25%    -.2361396      -1.817959       Sum of wgt.         514

50%     .1033074                      Mean          -4.44e-09
                        Largest       Std. dev.      .4734178
75%     .3206763       .6563571
90%     .4670532       .6857027       Variance       .2241244
95%     .5443764       .6861951       Skewness      -2.301511
99%     .6446025       .7067237       Kurtosis       13.79091

. keep if inrange(ln_EVI_crop, r(p5),r(p95))
(91 observations deleted)

. reg ln_valuecrop ln_EVI_crop, r

Linear regression                               Number of obs     =        406
                                                F(1, 404)         =     106.04
                                                Prob > F          =     0.0000
                                                R-squared         =     0.2205
                                                Root MSE          =     2.1771

------------------------------------------------------------------------------
             |               Robust
ln_valuecrop | Coefficient  std. err.      t    P>|t|     [95% conf. interval]
-------------+----------------------------------------------------------------
 ln_EVI_crop |   3.788821   .3679318    10.30   0.000     3.065521    4.512121
       _cons |   4.793771   .1128595    42.48   0.000     4.571906    5.015636
------------------------------------------------------------------------------

. restore

. 
. * Column 2
. preserve

. use "data/EVI_validation.dta", replace

. sum ln_EVI_grass, d

                        ln_EVI_grass
-------------------------------------------------------------
      Percentiles      Smallest
 1%    -.4807433      -.6540309
 5%    -.3601629      -.5898058
10%    -.3147309      -.5294332       Obs                 555
25%    -.1701735      -.5106849       Sum of wgt.         555

50%    -.0035993                      Mean          -3.39e-09
                        Largest       Std. dev.      .2316254
75%     .1898561       .4908033
90%     .2947969       .4942742       Variance       .0536503
95%     .3560372       .5104204       Skewness      -.0333426
99%     .4808049       .5418199       Kurtosis       2.266002

. keep if inrange(ln_EVI_grass, r(p5),r(p95))
(54 observations deleted)

. reg ln_LSU_grass ln_EVI_grass, r

Linear regression                               Number of obs     =        446
                                                F(1, 444)         =      60.55
                                                Prob > F          =     0.0000
                                                R-squared         =     0.0996
                                                Root MSE          =     .55767

------------------------------------------------------------------------------
             |               Robust
ln_LSU_grass | Coefficient  std. err.      t    P>|t|     [95% conf. interval]
-------------+----------------------------------------------------------------
ln_EVI_grass |   .9339826   .1200248     7.78   0.000     .6980953     1.16987
       _cons |    -.42793   .0267503   -16.00   0.000    -.4805029    -.375357
------------------------------------------------------------------------------

. restore

. 
. 
. log close
      name:  <unnamed>
       log:  /Users/felipe/projects/art20/results/No_Table_Results_2026.log
  log type:  text
 closed on:   3 Feb 2026, 14:29:08
----------------------------------------------------------------------------------
